Abitanti,
Adamovo,
Adergas,
Adlešiči,
Adrijanci,
Ajba,
Ajbelj,
Ajdovščina,
Ajševica,
Ambrož pod Krvavcem,
Ambrus,
Andol,
Andraž nad Polzelo,
Andrejci,
Andrejčje,
Andrenci,
Anhovo,
Ankaran,
Anovec,
Anže,
Apače,
Apače,
Apnenik,
Apnenik pri Boštanju,
Apnenik pri Velikem Trnu,
Apno,
Arclin,
Arčelca,
Ardro pod Velikim Trnom,
Ardro pri Raki,
Arja vas,
Armeško,
Arnače,
Arnovo selo,
Artiče,
Artiža vas,
Artmanja vas,
Arto,
Artviže,
Avber,
Avče,
Avguštine,
Avsa,
Aženski Vrh,
Babiči,
Babinci,
Babna Brda,
Babna Gora,
Babna Gora,
Babna Gora,
Babna Polica,
Babna Reka,
Babni Vrt,
Babno Polje,
Bač,
Bač pri Materiji,
Bača pri Modreju,
Bača pri Podbrdu,
Bačne,
Bakovci,
Bakrc,
Balkovci,
Bane,
Banja Loka,
Banjšice,
Banovci,
Banuta,
Barbana,
Baredi,
Barislovci,
Barizoni,
Barka,
Bašelj,
Bate,
Batuje,
Bavdek,
Bavšica,
Beč,
Bečaje,
Bedenj,
Begunje na Gorenjskem,
Begunje pri Cerknici,
Beka,
Bela,
Bela,
Bela Cerkev,
Bela Peč,
Belavšek,
Belca,
Belčji Vrh,
Bele Vode,
Beli Grič,
Beli Potok pri Frankolovem,
Beli Potok pri Lembergu,
Belica,
Belica,
Belo,
Belo,
Belo,
Belovo,
Belski Vrh,
Belsko,
Belšak,
Belšinja vas,
Beltinci,
Belvedur,
Benečija,
Benedikt v Slovenskih goricah,
Benete,
Benica,
Bereča vas,
Beričevo,
Berinjak,
Berinjek,
Berkovci,
Berkovci,
Berkovski Prelogi,
Bertoki,
Besnica,
Betanja,
Betonovo,
Bevče,
Bevke,
Bezena,
Bezenškovo Bukovje,
Bezgarji,
Bezgovica,
Bezgovica,
Bezina,
Beznovci,
Bezovica,
Bezovica,
Bezovje nad Zrečami,
Bezovje pri Šentjurju,
Bezuljak,
Bič,
Bičje,
Biljana,
Bilje,
Binkelj,
Birčna vas,
Birna vas,
Biserjane,
Bistra,
Bistra,
Bistrica,
Bistrica,
Bistrica,
Bistrica,
Bistrica,
Bistrica ob Dravi,
Bistrica ob Sotli,
Bistrica pri Tržiču,
Bistričica,
Biš,
Bišče,
Bišečki Vrh,
Biška vas,
Bitiče,
Bitnja vas,
Bitnje,
Bizeljska vas,
Bizeljsko,
Blagovica,
Blaguš,
Blanca,
Blate,
Blatna Brezovica,
Blatni Vrh,
Blatnik pri Črmošnjicah,
Blatnik pri Črnomlju,
Blatno,
Blato,
Blato,
Blečji Vrh,
Bled,
Blejska Dobrava,
Bločice,
Blodnik,
Bloška Polica,
Boben,
Bobovek,
Bobovo pri Ponikvi,
Bobovo pri Šmarju,
Bočaji,
Bočkovo,
Bočna,
Bodešče,
Bodislavci,
Bodkovci,
Bodonci,
Bodovlje,
Bodrež,
Bodrež,
Bodrišna vas,
Boga vas,
Bogenšperk,
Boginja vas,
Bogneča vas,
Bogo,
Bogojina,
Boharina,
Bohinjska Bela,
Bohinjska Bistrica,
Bohinjska Češnjica,
Bohova,
Bojanci,
Bojanja vas,
Bojanji Vrh,
Bojsno,
Bojtina,
Bokrači,
Boldraž,
Bolečka vas,
Bolehnečici,
Boletina,
Boltija,
Bonini,
Boračeva,
Boreci,
Boreča,
Borejci,
Boričevo,
Borjana,
Borje,
Borje pri Mlinšah,
Borovak pri Podkumu,
Borovak pri Polšniku,
Borovci,
Borovec pri Karlovici,
Borovec pri Kočevski Reki,
Borovnica,
Boršt,
Boršt,
Boršt,
Boršt pri Dvoru,
Bosljiva Loka,
Bošamarin,
Boštanj,
Boštetje,
Botričnica,
Bovec,
Bovše,
Božakovo,
Božič Vrh,
Božje,
Bračna vas,
Branik,
Brankovo,
Branoslavci,
Braslovče,
Bratislavci,
Bratnice,
Bratonci,
Bratonečice,
Brce,
Brda,
Brda,
Brdarci,
Brdce,
Brdce,
Brdce nad Dobrno,
Brdice pri Kožbani,
Brdice pri Neblem,
Brdinje,
Brdo,
Brdo,
Brdo,
Brdo,
Brdo,
Brdo,
Brdo pri Lukovici,
Brebovnica,
Brecljevo,
Breg,
Breg,
Breg,
Breg,
Breg ob Bistrici,
Breg ob Kokri,
Breg ob Savi,
Breg pri Borovnici,
Breg pri Dobu,
Breg pri Golem Brdu,
Breg pri Kočevju,
Breg pri Komendi,
Breg pri Konjicah,
Breg pri Litiji,
Breg pri Polzeli,
Breg pri Ribnici na Dolenjskem,
Breg pri Sinjem Vrhu,
Breg pri Temenici,
Breg pri Zagradcu,
Brege,
Breginj,
Brekovice,
Brengova,
Bresnica,
Brest,
Brestanica,
Bresternica,
Brestje,
Brestovec,
Brestovica pri Komnu,
Brestovica pri Povirju,
Breška vas,
Breza,
Brezen,
Brezje,
Brezje,
Brezje,
Brezje,
Brezje,
Brezje,
Brezje,
Brezje nad Kamnikom,
Brezje ob Slomu,
Brezje pod Nanosom,
Brezje pri Bojsnem,
Brezje pri Dobjem,
Brezje pri Dobrovi,
Brezje pri Dobu,
Brezje pri Dovškem,
Brezje pri Grosupljem,
Brezje pri Kumpolju,
Brezje pri Lekmarju,
Brezje pri Lipoglavu,
Brezje pri Ločah,
Brezje pri Oplotnici,
Brezje pri Podplatu,
Brezje pri Poljčanah,
Brezje pri Raki,
Brezje pri Rožnem Dolu,
Brezje pri Senušah,
Brezje pri Slovenski Bistrici,
Brezje pri Šentjerneju,
Brezje pri Trebelnem,
Brezje pri Tržiču,
Brezje pri Veliki Dolini,
Brezje pri Vinjem Vrhu,
Brezje v Podbočju,
Brezni Vrh,
Breznica,
Breznica,
Breznica pod Lubnikom,
Breznica pri Žireh,
Breznik,
Breznik,
Brezno,
Brezno,
Brezova Reber,
Brezova Reber pri Dvoru,
Brezova,
Brezovci,
Brezovci,
Brezovec,
Brezovec,
Brezovec pri Polju,
Brezovec pri Rogatcu,
Brezovi Dol,
Brezovica,
Brezovica,
Brezovica,
Brezovica,
Brezovica na Bizeljskem,
Brezovica pri Borovnici,
Brezovica pri Črmošnjicah,
Brezovica pri Dobu,
Brezovica pri Gradinu,
Brezovica pri Ljubljani,
Brezovica pri Medvodah,
Brezovica pri Metliki,
Brezovica pri Mirni,
Brezovica pri Predgradu,
Brezovica pri Stopičah,
Brezovica pri Trebelnem,
Brezovica pri Zlatem Polju,
Brezovica v Podbočju,
Brezovk,
Brezovo,
Brezovo,
Brezovo Brdo,
Brezovska Gora,
Brezula,
Breže,
Brežec pri Divači,
Brežec pri Podgorju,
Brežice,
Brglez,
Brič,
Briga,
Brinje,
Brinje,
Brinovščica,
Briše pri Polhovem Gradcu,
Briše,
Briše,
Britof,
Brje,
Brje pri Komnu,
Brje pri Koprivi,
Brlog,
Brlog,
Brlog,
Brnica,
Brnica,
Brod,
Brod v Podbočju,
Brode,
Brode,
Brodnice,
Brsnik,
Brstnik,
Brstovec,
Brstovnica,
Bršlenovica,
Bruhanja vas,
Bruna vas,
Brunk,
Brunška Gora,
Brunšvik,
Brvace,
Brvi,
Buč,
Buče,
Bučečovci,
Bučerca,
Bučka,
Bučkovci,
Budanje,
Budganja vas,
Budihni,
Budinci,
Budna vas,
Buje,
Bukošek,
Bukov Vrh nad Visokim,
Bukov Vrh,
Bukova Gora,
Bukovca,
Bukovci,
Bukovec,
Bukovec,
Bukovec pri Poljanah,
Bukovica,
Bukovica,
Bukovica,
Bukovica,
Bukovica pri Litiji,
Bukovica pri Vodicah,
Bukovje,
Bukovje,
Bukovje,
Bukovje pri Slivnici,
Bukovje v Babni Gori,
Bukovlje,
Bukovnica,
Bukovo,
Bukovska vas,
Bukovski Vrh,
Bukovščica,
Bukovžlak,
Bunčani,
Bušeča vas,
Bušinja vas,
Bušinec,
Butajnova,
Butari,
Butoraj,
Cajnarje,
Cankova,
Cegelnica,
Ceglo,
Celestrina,
Celine,
Celje,
Cenkova,
Centa,
Cepki,
Cerej,
Cerina,
Cerkljanska Dobrava,
Cerkljanski Vrh,
Cerklje na Gorenjskem,
Cerklje ob Krki,
Cerknica,
Cerkno,
Cerkvenjak,
Cerkvišče,
Cerov Log,
Cerovec,
Cerovec,
Cerovec,
Cerovec pod Bočem,
Cerovec pri Črešnjevcu,
Cerovec pri Šmarju,
Cerovec pri Trebelnem,
Cerovec Stanka Vraza,
Cerovica,
Cerovo,
Ceršak,
Cesta,
Cesta,
Ceste,
Cetore,
Cezanjevci,
Cezlak,
Ciglence,
Cigonca,
Cikava,
Cikava,
Ciringa,
Cirje,
Cirknica,
Cirkovce,
Cirkulane,
Cirkuše,
Cirkuše v Tuhinju,
Cirnik,
Cirnik,
Cmereška Gorca,
Cogetinci,
Coklovca,
Col,
Coljava,
Colnarji,
Crngrob,
Cuber,
Cundrovec,
Cunkovci,
Curnovec,
Curnovec,
Cven,
Cvetkovci,
Cvišlerji,
Čabrače,
Čača vas,
Čadovlje pri Tržiču,
Čadovlje,
Čadram,
Čadramska vas,
Čadraže,
Čadrg,
Čagona,
Čagošče,
Čakova,
Čanje,
Čateška Gora,
Čatež,
Čatež ob Savi,
Čebine,
Čeče,
Čedem,
Čehovini,
Čekovnik,
Čelevec,
Čelje,
Čelovnik,
Čemše,
Čemšenik,
Čentiba,
Čentur,
Čepinci,
Čeplez,
Čeplje,
Čeplje,
Čeplje,
Čeplje,
Čepno,
Čepovan,
Čepulje,
Čermožiše,
Černelavci,
Češča vas,
Češenik,
Češnjevek,
Češnjevek,
Češnjica,
Češnjica pri Kropi,
Češnjice,
Češnjice,
Češnjice pri Moravčah,
Češnjice pri Trebelnem,
Češnjice pri Zagradcu,
Češnjice v Tuhinju,
Četena Ravan,
Četež pri Strugah,
Četež pri Turjaku,
Čezsoča,
Čežarji,
Čiginj,
Čikečka vas,
Čilpah,
Čimerno,
Činžat,
Čipnje,
Čisti Breg,
Čohovo,
Čolnišče,
Črenšovci,
Čreškova,
Črešnjevci,
Črešnjevec,
Črešnjevec,
Črešnjevec ob Bistrici,
Črešnjevec ob Dravi,
Črešnjevec pri Dragatušu,
Črešnjevec pri Oštrcu,
Črešnjevec pri Semiču,
Črešnjice,
Črešnjice,
Črešnjice nad Pijavškim,
Črešnjice pri Cerkljah,
Črešnova,
Čreta,
Čreta,
Čreta pri Kokarjah,
Čretež pri Krškem,
Čretvež,
Črmlja,
Črmljenšak,
Črmošnjice,
Črmošnjice pri Stopičah,
Črna na Koroškem,
Črna pri Kamniku,
Črna vas,
Črnec,
Črneča vas,
Črneče,
Črneška Gora,
Črni Kal,
Črni Potok,
Črni Potok pri Dragi,
Črni Potok pri Kočevju,
Črni Potok pri Velikih Laščah,
Črni Vrh,
Črni Vrh,
Črni Vrh,
Črni Vrh v Tuhinju,
Črniče,
Črnivec,
Črnolica,
Črnomelj,
Črnotiče,
Črnova,
Čučja Mlaka,
Čudno selo,
Čurile,
Čušperk,
Čužnja vas,
Daber,
Dalce,
Daljni Vrh,
Dalnje Njive,
Damelj,
Dane pri Divači,
Dane pri Sežani,
Dane,
Dane,
Dankovci,
Davča,
Debeče,
Debenec,
Debeni,
Debro,
Dečina,
Dečja vas pri Zagradcu,
Dečja vas,
Dečno selo,
Dedna Gora,
Dedni Dol,
Dedni Vrh,
Dednik,
Dednja vas,
Dekani,
Dekmanca,
Delač,
Delnice,
Depala vas,
Desenci,
Desinec,
Deskle,
Deskova vas,
Desnjak,
Destrnik,
Dešeča vas,
Dešen,
Devina,
Dežno pri Makolah,
Dežno pri Podlehniku,
Dilce,
Dilici,
Divača,
Divči,
Dob pri Šentvidu,
Dob,
Dobe,
Dobec,
Dobeno,
Dobeno,
Dobindol,
Dobja vas,
Dobje pri Lesičnem,
Dobje pri Planini,
Dobje,
Dobje,
Dobje,
Doblar,
Doblatina,
Dobletina,
Dobležiče,
Dobliče,
Doblička Gora,
Dobova,
Dobovec pri Ponikvi,
Dobovec pri Rogatcu,
Dobovec,
Dobovica,
Dobovlje,
Dobovo,
Dobrava ob Krki,
Dobrava pod Rako,
Dobrava pri Konjicah,
Dobrava pri Kostanjevici,
Dobrava pri Stični,
Dobrava pri Škocjanu,
Dobrava,
Dobrava,
Dobrava,
Dobrava,
Dobrava,
Dobrava,
Dobravica pri Velikem Gabru,
Dobravica,
Dobravica,
Dobravica,
Dobravlje,
Dobravlje,
Dobravšce,
Dobrič,
Dobrije,
Dobrina,
Dobrina,
Dobriša vas,
Dobriška vas,
Dobrljevo,
Dobrna,
Dobrnež,
Dobrnič,
Dobro Polje,
Dobro Polje,
Dobrova pri Dravogradu,
Dobrova pri Prihovi,
Dobrova,
Dobrova,
Dobrova,
Dobrovce,
Dobrovlje pri Mozirju,
Dobrovlje,
Dobrovlje,
Dobrovnik,
Dobrovo,
Dobrovščak,
Dobruša,
Dobruška vas,
Dogoše,
Doklece,
Dokležovje,
Dol pod Gojko,
Dol pri Borovnici,
Dol pri Hrastniku,
Dol pri Hrastovljah,
Dol pri Laškem,
Dol pri Ljubljani,
Dol pri Pristavi,
Dol pri Stopercah,
Dol pri Šmarjeti,
Dol pri Šmarju,
Dol pri Trebnjem,
Dol pri Vogljah,
Dol,
Dol,
Dol,
Dol,
Dolanci,
Dolane,
Dole pod Sveto Trojico,
Dole pri Krašcah,
Dole pri Litiji,
Dole pri Polici,
Dole pri Škofljici,
Dole,
Dole,
Dole,
Dolena,
Dolenci,
Dolenčice,
Dolenja Brezovica,
Dolenja Brezovica,
Dolenja Dobrava,
Dolenja Dobrava,
Dolenja Lepa vas,
Dolenja Nemška vas,
Dolenja Pirošica,
Dolenja Podgora,
Dolenja Ravan,
Dolenja Stara vas,
Dolenja Trebuša,
Dolenja vas pri Artičah,
Dolenja vas pri Čatežu,
Dolenja vas pri Črnomlju,
Dolenja vas pri Krškem,
Dolenja vas pri Mirni Peči,
Dolenja vas pri Polhovem Gradcu,
Dolenja vas pri Polici,
Dolenja vas pri Raki,
Dolenja vas pri Temenici,
Dolenja vas,
Dolenja vas,
Dolenja vas,
Dolenja vas,
Dolenja vas,
Dolenja vas,
Dolenja vas,
Dolenja Žetina,
Dolenjci,
Dolenje Brdo,
Dolenje Dole,
Dolenje Gradišče pri Šentjerneju,
Dolenje Gradišče,
Dolenje Grčevje,
Dolenje Jesenice,
Dolenje Jezero,
Dolenje Kališče,
Dolenje Kamenje pri Dobrniču,
Dolenje Kamenje,
Dolenje Karteljevo,
Dolenje Kronovo,
Dolenje Laknice,
Dolenje Lakovnice,
Dolenje Medvedje Selo,
Dolenje Mokro Polje,
Dolenje Otave,
Dolenje Podpoljane,
Dolenje Poljane,
Dolenje Polje,
Dolenje Ponikve,
Dolenje pri Jelšanah,
Dolenje Radulje,
Dolenje Selce,
Dolenje Skopice,
Dolenje Sušice,
Dolenje Vrhpolje,
Dolenje Zabukovje,
Dolenje,
Dolenje,
Dolenje,
Dolenji Boštanj,
Dolenji Globodol,
Dolenji Lazi,
Dolenji Leskovec,
Dolenji Maharovec,
Dolenji Novaki,
Dolenji Podboršt pri Trebnjem,
Dolenji Podboršt,
Dolenji Podšumberk,
Dolenji Potok,
Dolenji Radenci,
Dolenji Suhadol,
Dolenji Suhor pri Vinici,
Dolenji Vrh,
Dolenjske Toplice,
Dolga Brda,
Dolga Gora,
Dolga Njiva pri Šentlovren,
Dolga Poljana,
Dolga Raka,
Dolga vas,
Dolga vas,
Dolge Njive,
Dolge Njive,
Dolgi Laz,
Dolgi Vrh,
Dolgo Brdo pri Mlinšah,
Dolgo Brdo,
Dolgo Brdo,
Dolgovaške Gorice,
Dolič,
Dolič,
Dolina pri Lendavi,
Dolina,
Dolina,
Dolje,
Dolnja Bistrica,
Dolnja Bitnja,
Dolnja Briga,
Dolnja Košana,
Dolnja Lokvica,
Dolnja Paka,
Dolnja Počehova,
Dolnja Prekopa,
Dolnja Stara vas,
Dolnja Težka Voda,
Dolnje Brezovo,
Dolnje Cerovo,
Dolnje Dobravice,
Dolnje Impolje,
Dolnje Ležeče,
Dolnje Ložine,
Dolnje Mraševo,
Dolnje Orle,
Dolnje Prapreče,
Dolnje Retje,
Dolnje Vreme,
Dolnji Ajdovec,
Dolnji Kot,
Dolnji Križ,
Dolnji Lakoš,
Dolnji Slaveči,
Dolnji Suhor pri Metliki,
Dolnji Vrh,
Dolnji Zemon,
Dolsko,
Dol - Suha,
Dolšce,
Dolščaki,
Dolž,
Domajinci,
Domanjševci,
Dombrava,
Domžale,
Donačka Gora,
Dorfarje,
Dornava,
Dornberk,
Dornice,
Doropolje,
Doslovče,
Dovje,
Dovško,
Dovže,
Draga pri Sinjem Vrhu,
Draga pri Šentrupertu,
Draga,
Draga,
Draga,
Draga,
Draga,
Dragatuš,
Drage,
Dragočajna,
Dragomelj,
Dragomer,
Dragomilo,
Dragomlja vas,
Dragonja vas,
Dragonja,
Dragoši,
Dragotinci,
Dragovanja vas,
Dragovič,
Dragovšek,
Dragučova,
Drakovci,
Drakšl,
Drama,
Dramlja,
Dramlje,
Drankovec,
Drašča vas,
Drašiči,
Dravci,
Dravče,
Dravinjski Vrh,
Dravograd,
Dravski Dvor,
Draža vas,
Dražen Vrh - del,
Dražen Vrh - del,
Draženci,
Draževnik,
Dražgoše,
Dražica,
Drbetinci,
Drča,
Drečji Vrh,
Dren,
Drenik,
Drenje,
Drenov Grič,
Drenovec pri Bukovju,
Drenovec pri Leskovcu,
Drenovec,
Drenovec,
Drensko Rebro,
Drešinja vas,
Drevenik,
Drežnica,
Drežnik,
Drežnik,
Drežniške Ravne,
Drganja Sela,
Drnovk,
Drnovo,
Drobinsko,
Drobočnik,
Drobtinci,
Drožanje,
Drskovče,
Drstelja,
Drtija,
Drumlažno,
Drušče,
Družina,
Družinska vas,
Družmirje,
Drvanja,
Dule,
Dule,
Dunaj,
Dupeljne,
Duplje,
Dutovlje,
Dvor pri Polhovem Gradcu,
Dvor,
Dvor,
Dvor,
Dvor,
Dvorce,
Dvori,
Dvorjane,
Dvorje,
Dvorje,
Dvorska vas,
Dvorska vas,
Erzelj,
Fabci,
Fala,
Fala,
Famlje,
Fara,
Fara,
Farovec,
Fijeroga,
Filipčje Brdo,
Filovci,
Finkovo,
Flekušek,
Florjan pri Gornjem Gradu,
Florjan,
Fojana,
Fokovci,
Forme,
Formin,
Fošt,
Frajhajm,
Fram,
Frankolovo,
Frankovci,
Frluga,
Froleh,
Fučkovci,
Fužina,
Fužine,
Gaberje,
Gaberje,
Gaberke,
Gabernik,
Gabrc,
Gabrce,
Gabrče,
Gabrijele,
Gabrje pod Limbarsko Goro,
Gabrje pod Špilkom,
Gabrje pri Dobovi,
Gabrje pri Ilovi Gori,
Gabrje pri Jančah,
Gabrje pri Soteski,
Gabrje pri Stični,
Gabrje,
Gabrje,
Gabrje,
Gabrje,
Gabrk,
Gabrk,
Gabrnik,
Gabrnik,
Gabrno,
Gabrovčec,
Gabrovec pri Dramljah,
Gabrovec pri Kostrivnici,
Gabrovica pri Črnem Kalu,
Gabrovica pri Komnu,
Gabrovka pri Zagradcu,
Gabrovka,
Gabrovlje,
Gabrovnica,
Gabrovnik,
Gabrovo,
Gabrska Gora,
Gabrsko,
Gabrška Gora,
Gačnik,
Gaj nad Mariborom,
Gaj,
Gaj,
Gaj,
Gajevci,
Gajniče,
Gajševci,
Galantiči,
Galicija,
Galušak,
Gančani,
Gašpinovo,
Gatina,
Gavce,
Gazice,
Gažon,
Gederovci,
Genterovci,
Gerečja vas,
Gerlinci,
Geršiči,
Gibina,
Gibina,
Gladloka,
Gladomes,
Glažuta,
Glem,
Glina,
Glinek,
Glinek,
Glinje,
Glinje,
Glinsko,
Globel,
Globočdol,
Globoče,
Globočice pri Kostanjevici,
Globočice,
Globoka,
Globoko ob Dravinji,
Globoko pri Šmarju,
Globoko,
Globoko,
Globoko,
Glogov Brod,
Glogovica,
Gmajna,
Gmajna,
Gmajnica,
Gobnik,
Gobovce,
Goče,
Gočova,
Godemarci,
Godeninci,
Godešič,
Godič,
Godičevo,
Godnje,
Godovič,
Gojače,
Golac,
Golavabuka,
Golčaj,
Golče,
Golek pri Vinici,
Golek,
Golek,
Goli Vrh,
Goli Vrh,
Golica,
Golice,
Golišče,
Goljek,
Golnik,
Golo Brdo,
Golo Brdo,
Golo,
Golobinjek ob Sotli,
Golobinjek pri Planini,
Golobinjek,
Golušnik,
Gombišče,
Gomila pri Kogu,
Gomila,
Gomila,
Gomilci,
Gomilica,
Gomilsko,
Gonjače,
Gora pri Komendi,
Gora pri Pečah,
Gora,
Gora,
Gorca,
Gorče,
Gore,
Gore,
Goreljce,
Goreljek,
Gorenja Brezovica,
Gorenja Brezovica,
Gorenja Dobrava,
Gorenja Dobrava,
Gorenja Gomila,
Gorenja Kanomlja,
Gorenja Lepa vas,
Gorenja Nemška vas,
Gorenja Pirošica,
Gorenja Podgora,
Gorenja Ravan,
Gorenja Stara vas,
Gorenja Trebuša,
Gorenja vas - Reteče,
Gorenja vas pri Čatežu,
Gorenja vas pri Leskovcu,
Gorenja vas pri Mirni,
Gorenja vas pri Mokronogu,
Gorenja vas pri Polici,
Gorenja vas pri Šmarjeti,
Gorenja vas,
Gorenja vas,
Gorenja vas,
Gorenja vas,
Gorenja vas,
Gorenja Žaga,
Gorenja Žetina,
Gorenjci pri Adlešičih,
Gorenje Blato,
Gorenje Brdo,
Gorenje Brezovo,
Gorenje Dole,
Gorenje Dole,
Gorenje Gradišče pri Šentjerneju,
Gorenje Gradišče,
Gorenje Grčevje,
Gorenje Jelenje,
Gorenje Jesenice,
Gorenje Jezero,
Gorenje Kališče,
Gorenje Kamence,
Gorenje Kamenje pri Dobrniču,
Gorenje Kamenje,
Gorenje Karteljevo,
Gorenje Kronovo,
Gorenje Laknice,
Gorenje Lakovnice,
Gorenje Medvedje selo,
Gorenje Mokro Polje,
Gorenje Mraševo,
Gorenje Otave,
Gorenje Podpoljane,
Gorenje Polje,
Gorenje Ponikve,
Gorenje pri Divači,
Gorenje pri Zrečah,
Gorenje Radulje,
Gorenje Selce,
Gorenje Skopice,
Gorenje Sušice,
Gorenje Vrhpolje,
Gorenje Zabukovje,
Gorenje,
Gorenje,
Gorenje,
Gorenje,
Gorenji Globodol,
Gorenji Lazi,
Gorenji Leskovec,
Gorenji Log,
Gorenji Maharovec,
Gorenji Mokronog,
Gorenji Novaki,
Gorenji Podboršt pri Veliki Loki,
Gorenji Podboršt,
Gorenji Podšumberk,
Gorenji Potok,
Gorenji Radenci,
Gorenji Suhadol,
Gorenji Vrh pri Dobrniču,
Gorenji Vrsnik,
Gorenjski Vrh,
Gorica,
Gorica,
Gorica,
Gorica,
Gorica,
Gorica na Medvedjeku,
Gorica pri Dobjem,
Gorica pri Oplotnici,
Gorica pri Raztezu,
Gorica pri Slivnici,
Gorica pri Šmartnem,
Goriča vas,
Goričak,
Goričane,
Goriče pri Famljah,
Goriče,
Goriče,
Goričica pod Krimom,
Goričica pri Ihanu,
Goričica pri Moravčah,
Goričica,
Goričice,
Goriška Gora,
Goriška vas pri Škocjanu,
Goriška vas,
Goriški Vrh,
Gorišnica,
Gorjane,
Gorjansko,
Gorje,
Gorjuša,
Gorjuše,
Gornja Bistrica,
Gornja Bitnja,
Gornja Briga,
Gornja Košana,
Gornja Lokvica,
Gornja Paka,
Gornja Prekopa,
Gornja Radgona,
Gornja Stara vas,
Gornja Težka Voda,
Gornja vas,
Gornja vas,
Gornje Brezovo,
Gornje Cerovo,
Gornje Dobravice,
Gornje Impolje,
Gornje Laze,
Gornje Ležeče,
Gornje Ložine,
Gornje Orle,
Gornje Pijavško,
Gornje Prapreče,
Gornje Ravne,
Gornje Retje,
Gornje Vreme,
Gornji Ajdovec,
Gornji Črnci,
Gornji Dolič,
Gornji Grad,
Gornji Ig,
Gornji Ivanjci,
Gornji Ključarovci,
Gornji Kot,
Gornji Križ,
Gornji Lakoš,
Gornji Lenart,
Gornji Petrovci,
Gornji Rogatec,
Gornji Slaveči,
Gornji Suhor pri Metliki,
Gornji Suhor pri Vinici,
Gornji Vrh,
Gornji Zemon,
Goropeke,
Gorski Vrh,
Gortina,
Gosteče,
Gostinca,
Gotenc,
Gotenica,
Gotovlje,
Govce,
Goveji Dol,
Govejk,
Gozd Martuljek,
Gozd,
Gozd,
Gozd,
Gozdec,
Gozd - Reka,
Grabče,
Grabe pri Ljutomeru,
Grabe,
Grabe,
Graben,
Grabonoš,
Grabonoški Vrh,
Grabrovec,
Grabšinci,
Gračič,
Gračišče,
Gračnica,
Grad,
Grad,
Gradac,
Gradec,
Gradec,
Gradenc,
Gradenje,
Gradenšak,
Gradež,
Gradiček,
Gradin,
Gradišča,
Gradiščak,
Gradišče na Kozjaku,
Gradišče nad Pijavo Gorico,
Gradišče nad Prvačino,
Gradišče pri Divači,
Gradišče pri Litiji,
Gradišče pri Lukovici,
Gradišče pri Materiji,
Gradišče pri Ormožu,
Gradišče pri Raki,
Gradišče pri Štjaku,
Gradišče pri Trebnjem,
Gradišče pri Vipavi,
Gradišče pri Vojniku,
Gradišče v Tuhinju,
Gradišče,
Gradišče,
Gradišče,
Gradišče,
Gradišče,
Gradišče,
Gradišče,
Gradišica,
Gradiška,
Gradiške Laze,
Gradiški Dol,
Gradiško,
Gradnik,
Gradnje,
Gradnje,
Gradno,
Grahovo Brdo,
Grahovo ob Bači,
Grahovo,
Grahovše,
Grajena,
Grajenščak,
Grajska vas,
Grant,
Graška Gora,
Grč Vrh,
Grčarevec,
Grčarice,
Grčarske Ravne,
Grdina,
Grebenje,
Gregovce,
Grenc,
Gresovščak,
Grgar,
Grgarske Ravne,
Grgelj,
Griblje,
Grič pri Dobličah,
Grič pri Klevevžu,
Grič pri Trebnjem,
Grič,
Grič,
Grinjan,
Grintovec pri Osilnici,
Grintovec,
Grintovec,
Grivac,
Grivče,
Griže,
Griže,
Griže,
Grlava,
Grliče,
Grlinci,
Grm pri Podzemlju,
Grm,
Grm,
Grm,
Grmada,
Grmovlje,
Grobelce,
Grobelno - del,
Grobelno - del,
Grobišče,
Groblje pri Prekopi,
Grosuplje,
Gruča,
Grudnica,
Grušce,
Grušena,
Gruškovec,
Grušova,
Grušovlje,
Gržeča vas,
Gubno,
Gumberk,
Gumnišče,
Gunclje,
Gunte,
Hajdoše,
Hajndl,
Hajnsko,
Hardek,
Harije,
Harje,
Hercegovščak,
Herinja vas,
Hermanci,
Hinje,
Hinje,
Hiteno,
Hlaponci,
Hlavče Njive,
Hlebce,
Hlebče,
Hleviše,
Hlevni Vrh,
Hlevnik,
Hmeljčič,
Hobovše pri Stari Oselici,
Hočevje,
Hočko Pohorje,
Hodoš,
Hohovica,
Hojče,
Hom,
Homec,
Homec,
Homec,
Homec,
Horjul,
Hosta,
Hošnica,
Hotavlje,
Hotedršica,
Hotemaže,
Hotemež,
Hotična,
Hotinja vas,
Hotiza,
Hotovlja,
Hotunje,
Hramše,
Hranjigovci,
Hrast pri Jugorju,
Hrast pri Vinici,
Hrastek,
Hrastenice,
Hrastje ob Bistrici,
Hrastje pri Cerkljah,
Hrastje pri Grosupljem,
Hrastje pri Mirni Peči,
Hrastje,
Hrastje,
Hrastje,
Hrastje,
Hrastje - Mota,
Hrastnik pri Trojanah,
Hrastnik,
Hrastnik,
Hrastnik,
Hrastno,
Hrastov Dol,
Hrastovec pod Bočem,
Hrastovec v Slovenskih Goricah,
Hrastovec,
Hrastovec,
Hrastovica,
Hrastovlje,
Hrastulje,
Hrašče,
Hrašče,
Hraše pri Preddvoru,
Hraše,
Hraše,
Hrašenski Vrh,
Hrenca,
Hrenova,
Hrenovice,
Hrib nad Ribčami,
Hrib pri Cerovcu,
Hrib pri Fari,
Hrib pri Hinjah,
Hrib pri Kamniku,
Hrib pri Orehku,
Hrib pri Rožnem Dolu,
Hrib,
Hrib,
Hribarjevo,
Hribi,
Hribi,
Hribljane,
Hrib - Loški potok,
Hrovača,
Hrpelje,
Hrustovo,
Hruševec,
Hruševica,
Hruševje,
Hruševka,
Hruševlje,
Hruševo,
Hrušica,
Hrušica,
Hrušica,
Hruškarje,
Hrušovje,
Hrvaški Brod,
Hrvatini,
Huda Jama,
Huda Polica,
Hudajužna,
Hude Ravne,
Hudeje,
Hudenje,
Hudi Graben,
Hudi Konec,
Hudi Kot,
Hudi Log,
Hudi Vrh,
Hudinja,
Hudo Brezje,
Hudo,
Hudo,
Hudo,
Hujbar,
Huje,
Hum pri Ormožu,
Hum,
Hušica,
Hvaletinci,
Idrija pri Bači,
Idrija,
Idrijska Bela,
Idrijske Krnice,
Idrijski Log,
Idrsko,
Idršek,
Ig,
Iga vas,
Iglenik pri Veliki Loki,
Iglenik,
Ihan,
Ihova,
Ilirska Bistrica,
Iljaševci,
Ilovca,
Ilovci,
Ilovka,
Imenje,
Imenje,
Imenje,
Imeno,
Imenska Gorca,
Imovica,
Irje,
Iška Loka,
Iška vas,
Iška,
Ivanci,
Ivančna Gorica,
Ivandol,
Ivanje selo,
Ivanji Grad,
Ivanjkovci,
Ivanjski Vrh,
Ivanjski Vrh,
Ivanjše,
Ivanjševci ob Ščavnici,
Ivanjševci,
Ivanjševski Vrh,
Ivanovci,
Ivenca,
Izgorje,
Izlake,
Izola,
Izvir,
Ižakovci,
Jablan,
Jablana,
Jablance,
Jablance,
Jablanica,
Jablanica,
Jablaniške Laze,
Jablaniški Potok,
Jablovec,
Jagnjenica,
Jagoče,
Jagodje,
Jagodnik,
Jagršče,
Jakičevo,
Jakob pri Šentjurju,
Jakovce,
Jakovica,
Jakšiči,
Jama pri Dvoru,
Jama,
Jama,
Jamna,
Jamnica,
Jamnik,
Jamnik,
Janče,
Janeževo Brdo,
Janeži,
Janežovci,
Janežovski Vrh,
Janhova,
Jankova,
Jankoviči,
Janški Vrh,
Janškovo selo,
Janžev Vrh,
Janževa Gora,
Janževski Vrh,
Jarčja Dolina,
Jarčje Brdo,
Jarčji Vrh,
Jareninski Dol,
Jareninski Vrh,
Jarmovec,
Jarše,
Jasen,
Jasen,
Jastrebci,
Jastrebnik,
Javnik,
Javor,
Javorje pri Blagovici,
Javorje pri Gabrovki,
Javorje,
Javorje,
Javorje,
Javorje,
Javorje,
Javorje,
Javorjev Dol,
Javornik,
Javornik,
Javornik,
Javorniški Rovt,
Javorovica,
Jazbin Vrh,
Jazbina,
Jazbina,
Jazbine,
Jazbine,
Jazne,
Jedlovnik,
Jelarji,
Jelce,
Jelenče,
Jelendol,
Jelendol,
Jelenik,
Jelenja vas,
Jelenk,
Jelenov Žleb,
Jelenska Reber,
Jelični Vrh,
Jelovec pri Makolah,
Jelovec,
Jelovec,
Jelovec,
Jelovica,
Jelovice,
Jelovo,
Jelša,
Jelša,
Jelšane,
Jelše pri Otočcu,
Jelše,
Jelše,
Jelševec,
Jelševec,
Jelševica,
Jelševnik,
Jeperjek,
Jeranovo,
Jerčin,
Jereka,
Jereslavec,
Jerman Vrh,
Jerneja vas,
Jeronim,
Jerovska vas,
Jeršanovo,
Jeršiče,
Jeruzalem,
Jesenica,
Jesenice,
Jesenice,
Jesenje,
Jesenov Vrt,
Jesenovo,
Ješenca,
Ješovec pri Kozjem,
Ješovec pri Šmarju,
Ješovec,
Jevnica,
Jevšček,
Jezerca,
Jezerce pri Dobjem,
Jezerce pri Šmartnem,
Jezero,
Jezero,
Ježce,
Ježevec,
Ježni Vrh,
Jiršovci,
Jordankal,
Josipdol,
Jugorje pri Metliki,
Jugorje,
Junčje,
Juršče,
Jurišna vas,
Jurjevica,
Jurjevski Dol,
Jurka vas,
Jurklošter,
Jurna vas,
Jurovci,
Jurovski Dol,
Jurski Vrh,
Juršinci,
Juvanje,
Kačiče - Pared,
Kačji Dol,
Kačji Potok,
Kadrenci,
Kajžar,
Kal nad Kanalom,
Kal pri Dolah,
Kal pri Krmelju,
Kal,
Kal,
Kal,
Kal,
Kal,
Kalce,
Kalce,
Kalce - Naklo,
Kale,
Kališe,
Kališe,
Kališovec,
Kal - Koritnica,
Kalobje,
Kalše,
Kambreško,
Kamence,
Kamence,
Kamenče,
Kamenica,
Kamenica,
Kamenik,
Kameno,
Kamna Gora,
Kamna Gorca,
Kamna Gorica,
Kamni Potok,
Kamni Vrh pri Ambrusu,
Kamni Vrh pri Primskovem,
Kamni Vrh,
Kamnica,
Kamnica,
Kamnik pod Krimom,
Kamnik,
Kamniška Bistrica,
Kamnje,
Kamnje,
Kamnje,
Kamno Brdo,
Kamno,
Kamovci,
Kampel,
Kanal,
Kanalski Lom,
Kanalski Vrh,
Kančevci,
Kadrše,
Kandrše,
Kaniža,
Kanižarica,
Kanji Dol,
Kanjuce,
Kapca,
Kapele,
Kapelski Vrh,
Kapla,
Kapla na Kozjaku,
Kaplanovo,
Kaplja vas,
Kaplja vas,
Kapljišče,
Kaptol,
Karlče,
Karli,
Karlovica,
Kasaze,
Kastelec,
Katarija,
Kavče,
Kazlje,
Kebelj,
Kerinov Grm,
Kicar,
Kidričevo,
Kilovče,
Kisovec,
Kitni Vrh,
Klada,
Kladje nad Blanco,
Kladje pri Krmelju,
Kladje,
Kladje,
Kladnart,
Klake,
Klanc,
Klance,
Klanec pri Gabrovki,
Klanec pri Komnu,
Klanec pri Kozini,
Klanec,
Klavže,
Kleče pri Dolu,
Klečet,
Klek,
Klemenčevo,
Klenik,
Klenik,
Klenovik,
Klenovo,
Klinja vas,
Ključarovci pri Ljutomeru,
Ključevica,
Klokočovnik,
Klopce,
Klopce,
Klopce,
Klošter,
Knape,
Knej,
Kneške Ravne,
Knezdol,
Kneža,
Knežak,
Knežina,
Knežja Lipa,
Knežja Njiva,
Knežja vas,
Kobarid,
Kobdilj,
Kobile,
Kobilje,
Kobilščak,
Kobjeglava,
Koblarji,
Koble,
Koblek,
Koboli,
Kocjan,
Kočarija,
Kočarji,
Koče,
Koče,
Kočevje,
Kočevska Reka,
Kočevske Poljane,
Kočice,
Kočki Vrh,
Kočna,
Kočno ob Ložnici,
Kočno pri Polskavi,
Kočno,
Kodreti,
Kog,
Koglo,
Kojsko,
Kokarje,
Kokolajnščak,
Kokoriči,
Kokošnje,
Kokra,
Kokrica,
Kolačno,
Kolenča vas,
Količevo,
Kolk,
Kolomban,
Kolovec,
Kolovrat,
Koludrje,
Komanija,
Komarna vas,
Komarnica,
Komen,
Komenda,
Komendska Dobrava,
Kompole,
Kompolje,
Kompolje,
Kompolje,
Konc,
Konca vas,
Konec,
Konj,
Konjiška vas,
Konjski Vrh,
Konjsko,
Konjsko,
Konjšica,
Konjšica,
Konuško,
Kopačnica,
Koper,
Kopivnik,
Kopriva,
Kopriva,
Koprivna,
Koprivnica,
Koprivnik v Bohinju,
Koprivnik,
Koprivnik,
Koprivnik,
Koračice,
Korenitka,
Korenjak,
Koreno nad Horjulom,
Koreno,
Koretno,
Korita na Krasu,
Korita,
Korita,
Koritnica,
Koritnica,
Koritnice,
Koritno,
Koritno,
Koritno,
Koritno,
Koromači - Boškini,
Korošče,
Koroška Bela,
Koroška vas na Pohorju,
Koroška vas,
Koroški Selovec,
Korovci,
Korpe,
Korplje,
Korpule,
Korte,
Kortine,
Koseč,
Koseze,
Koseze,
Kosovelje,
Kostanj,
Kostanjek,
Kostanjevec,
Kostanjevica na Krasu,
Kostanjevica na Krki,
Kostanjevica,
Kostel,
Kostrevnica,
Košaki,
Košarovci,
Koščake,
Košiše,
Koške Poljane,
Košnica pri Celju,
Košnica,
Koštabona,
Kot na Pohorju,
Kot ob Kolpi,
Kot pri Prevaljah,
Kot pri Rakitnici,
Kot pri Ribnici,
Kot pri Veliki Slevici,
Kot,
Kot,
Kotel,
Koti,
Kotlje,
Kotredež,
Kovača vas,
Kovača vas,
Kovačevci,
Kovačji Grad,
Kovaški Vrh,
Kovčice,
Kovk,
Kovk,
Kovor,
Kovski Vrh,
Kozana,
Kozarišče,
Kozarno,
Kozaršče,
Kozina,
Kozjak nad Pesnico,
Kozjak pri Ceršaku,
Kozjak,
Kozjane,
Kozje,
Kozji Vrh nad Dravogradom,
Kozji Vrh,
Kozloviči,
Kozmerice,
Kozminci,
Kožbana,
Kožljek,
Kožljevec,
Kožmani,
Kraberk,
Kračali,
Krajna Brda,
Krajna vas,
Krajna,
Krajnčica,
Krajno Brdo,
Kraljevci,
Kralji,
Kramarovci,
Kramplje,
Kranj,
Kranjče,
Kranjska Gora,
Krapje,
Krasinec,
Krasna,
Krasno,
Krašce,
Krašči,
Kraška vas,
Krašnja,
Krašnji Vrh,
Krčevina pri Vurbergu,
Krčevina,
Kred,
Kregarjevo,
Kregolišče,
Kremberk,
Kremen,
Kremenca,
Kremenica,
Kremenik,
Kreplje,
Kresnica,
Kresnice,
Kresniške Poljane,
Kresniški Vrh,
Kristan Vrh,
Kriška Reber,
Kriška vas,
Krištanci,
Krištandol,
Krivčevo,
Krivi Vrh,
Krivica,
Krivo Brdo,
Krivoglavice,
Križ,
Križ,
Križ,
Križ,
Križan Vrh,
Križate,
Križe,
Križe,
Križe,
Križeča vas,
Križevci pri Ljutomeru,
Križevci,
Križevec,
Križevska vas,
Križevska vas,
Križmani,
Križna Gora,
Križna Gora,
Križni Vrh,
Križni Vrh,
Krka,
Krkavče,
Krkovo nad Faro,
Krkovo pri Karlovici,
Krmačina,
Krmelj,
Krn,
Krnci,
Krnče,
Krnica,
Krnica,
Krnica,
Krnice pri Novakih,
Krnice,
Krog,
Kromberk,
Kropa,
Krplivnik,
Krsinji Vrh,
Kršič,
Krška vas,
Krška vas,
Krško,
Krtina,
Krtina,
Krtince,
Krtinovica,
Krupa,
Kruplivnik,
Krušče,
Krušni Vrh,
Krvava Peč,
Krvavčji Vrh,
Krvavi Potok,
Kržeti,
Kržišče pri Čatežu,
Kržišče,
Kržišče,
Kubed,
Kuk,
Kukava,
Kukeč,
Kukenberk,
Kukmaka,
Kumen,
Kumpolje,
Kungota pri Ptuju,
Kunova,
Kunšperk,
Kupčinji Vrh,
Kupetinci,
Kupljenik,
Kupšinci,
Kuretno,
Kuršinci,
Kušernik,
Kuštanovci,
Kuteževo,
Kutinci,
Kuzarjev Kal,
Kuzma,
Kuželj,
Kuželjevec,
Kvasica,
Labinje,
Labor,
Lačaves,
Lačja vas,
Lačna Gora,
Ladja,
Ladra,
Lahomno,
Lahomšek,
Lahonci,
Lahov Graben,
Lahovče,
Lahovna,
Lahovo,
Lajše,
Lajše,
Lancova vas pri Ptuju,
Lancova vas,
Lancovo,
Landek,
Landol,
Lanišče,
Laniše,
Laniše,
Laporje,
Laporje,
Laseno,
Lasigovci,
Lastnič,
Lastomerci,
Lašče,
Lašče,
Laše,
Laška vas pri Štorah,
Laška vas,
Laški Rovt,
Laško,
Latkova vas,
Lavrica,
Lavrovec,
Lavtarski Vrh,
Laze nad Krko,
Laze pri Borovnici,
Laze pri Boštanju,
Laze pri Dolskem,
Laze pri Domžalah,
Laze pri Dramljah,
Laze pri Gobniku,
Laze pri Gorenjem Jezeru,
Laze pri Kostelu,
Laze pri Oneku,
Laze pri Predgradu,
Laze pri Vačah,
Laze v Tuhinju,
Laze,
Laze,
Laze,
Laze,
Laze,
Laze,
Lazec,
Lazec,
Lazina,
Laziše,
Lazna,
Laznica,
Laznica,
Laže,
Lažiše,
Ledeča vas,
Ledina,
Ledine,
Ledinek,
Ledinica,
Ledinske Krnice,
Ledinsko Razpotje,
Legen,
Lehen na Pohorju,
Lekmarje,
Lemberg pri Novi Cerkvi,
Lemberg pri Šmarju,
Lemerje,
Lenart nad Lušo,
Lenart pri Gornjem Gradu,
Lenart v Slovenskih Goricah,
Lendava,
Lendavske Gorice,
Lepa Njiva,
Lepena,
Lepence,
Lepi Vrh,
Lesce,
Lesično,
Leskovca,
Leskovec pri Krškem,
Leskovec v Podborštu,
Leskovec,
Leskovec,
Leskovec,
Leskovec,
Leskovica pri Šmartnem,
Leskovica,
Lesno Brdo,
Lesno Brdo,
Lešane,
Leščevje,
Leše,
Leše,
Leše,
Lešje,
Lešje,
Lešnica,
Lešnica,
Lešniški Vrh,
Lešnjake,
Letenice,
Letuš,
Levanjci,
Levec,
Levič,
Levpa,
Levstiki,
Libanja,
Libeliče,
Libeliška Gora,
Libelj,
Liberga,
Libna,
Liboje,
Libušnje,
Ličenca,
Lig,
Limbarska Gora,
Limbuš,
Limovce,
Lindek,
Lipa pri Frankolovem,
Lipa,
Lipa,
Lipa,
Lipa,
Lipa,
Lipce,
Lipe,
Lipica,
Lipica,
Lipje,
Liplje,
Liplje,
Lipni Dol,
Lipnica,
Lipnik,
Lipoglav,
Lipovci,
Lipovec pri Kostelu,
Lipovec pri Škofji vasi,
Lipovec,
Lipovec,
Lipovec,
Lipovšica,
Lipsenj,
Lisec,
Lisec,
Lisjaki,
Litija,
Litmerk,
Livek,
Livold,
Livške Ravne,
Ljubečna,
Ljubež v Lazih,
Ljubgojna,
Ljubično,
Ljubija,
Ljubinj,
Ljubljana,
Ljubnica,
Ljubno ob Savinji,
Ljubno,
Ljubstava,
Ljutomer,
Lobček,
Lobnica,
Loče,
Loče,
Loče pri Poljčanah,
Ločica ob Savinji,
Ločica pri Vranskem,
Ločič,
Ločki Vrh,
Ločki Vrh,
Log Čezsoški,
Log nad Škofjo Loko,
Log pod Mangartom,
Log pri Brezovici,
Log pri Mlinšah,
Log pri Polhovem Gradcu,
Log pri Vrhovem,
Log pri Žužemberku,
Log v Bohinju,
Log,
Log,
Log,
Log,
Log,
Log,
Logarji,
Logarovci,
Logarska Dolina,
Logaršče,
Logatec,
Logje,
Lohača,
Loje,
Loka pri Dobrni,
Loka pri Framu,
Loka pri Mengšu,
Loka pri Zidanem Mostu,
Loka pri Žusmu,
Loka,
Loka,
Loka,
Loka,
Lokanja vas,
Lokarje,
Lokavci,
Lokavec,
Lokavec,
Lokavec,
Loke pri Mozirju,
Loke pri Planini,
Loke pri Zagorju,
Loke v Tuhinju,
Loke,
Loke,
Loke,
Loke,
Lokev,
Lokovec,
Lokovica,
Lokovica,
Lokovina,
Lokrovec,
Lokve pri Dobrniču,
Lokve,
Lokve,
Lokve,
Lokvica,
Lom nad Volčo,
Lom pod Storžičem,
Lom,
Lomanoše,
Lome,
Lomno,
Lončarjev Dol,
Lončarovci,
Lopaca,
Lopar,
Lopata,
Lopata,
Lopatnik pri Velenju,
Lopatnik,
Loperšice,
Lormanje,
Loška Gora pri Zrečah,
Loška Gora,
Loška vas,
Lovnik,
Lovranovo,
Lovrenc na Dravskem Polju,
Lovrenc na Pohorju,
Lovsko Brdo,
Lozice,
Lož,
Ložane,
Lože,
Lože,
Ložec,
Ložina,
Ložnica pri Žalcu,
Ložnica,
Ložnica,
Lucija,
Lucova,
Lučarjev Kal,
Luče,
Luče,
Lučine,
Ludranski Vrh,
Lukačevci,
Lukanja,
Lukavci,
Lukini,
Lukovec,
Lukovec,
Lukovec,
Lukovek,
Lukovica pri Brezovici,
Lukovica pri Domžalah,
Lunovec,
Lupinica,
Lušečka vas,
Lutrje,
Lutrško Selo,
Lutverci,
Luža,
Lužarji,
Luže,
Mače,
Mačji Dol,
Mački,
Mačkovci,
Mačkovec pri Dvoru,
Mačkovec pri Suhorju,
Mačkovec pri Škocjanu,
Mačkovec,
Mačkovec,
Mačkovec,
Magolnik,
Magozd,
Mahneti,
Mahniči,
Mahovci,
Mahovnik,
Majcni,
Majski Vrh,
Majšperk,
Makole,
Makoše,
Mala Brda,
Mala Breza,
Mala Bukovica,
Mala Cikava,
Mala Dobrava,
Mala Dolina,
Mala Goba,
Mala Gora,
Mala Gora,
Mala Goričica,
Mala Hubajnica,
Mala Ilova Gora,
Mala Kostrevnica,
Mala Lahinja,
Mala Lašna,
Mala Ligojna,
Mala Loka pri Višnji Gori,
Mala Loka,
Mala Loka,
Mala Mislinja,
Mala Nedelja,
Mala Pirešica,
Mala Polana,
Mala Pristava,
Mala Pristava,
Mala Račna,
Mala sela,
Mala sela,
Mala Slevica,
Mala Stara vas,
Mala Strmica,
Mala Ševnica,
Mala Štanga,
Mala Varnica,
Mala vas pri Grosupljem,
Mala vas pri Ormožu,
Mala vas,
Mala vas,
Malahorna,
Male Braslovče,
Male Brusnice,
Male Češnjice,
Male Dole pri Stehanji vasi,
Male Dole pri Temenici,
Male Dole,
Male Grahovše,
Male Kompolje,
Male Lašče,
Male Lese,
Male Lipljene,
Male Loče,
Male Pece,
Male Poljane,
Male Rebrce,
Male Rodne,
Male Vinice,
Male Vodenice,
Male Vrhe,
Male Žablje,
Malečnik,
Malence,
Malenska vas,
Malenski Vrh,
Mali Ban,
Mali Brebrovnik,
Mali Breg,
Mali Cerovec,
Mali Cirnik pri Šentjanžu,
Mali Cirnik,
Mali Dol,
Mali Dol,
Mali Gaber,
Mali Hrib,
Mali Jelnik,
Mali Kal,
Mali Kal,
Mali Kamen,
Mali Konec,
Mali Koren,
Mali Korinj,
Mali Kum,
Mali Lipoglav,
Mali Lipovec,
Mali Ločnik,
Mali Log,
Mali Moravščak,
Mali Nerajec,
Mali Obrež,
Mali Okič,
Mali Orehek,
Mali Osolnik,
Mali Otok,
Mali Podljuben,
Mali Podlog,
Mali Rakitovec,
Mali Rigelj,
Mali Slatnik,
Mali Trn,
Mali Videm,
Mali Vrh pri Prežganju,
Mali Vrh pri Šmarju,
Mali Vrh,
Mali Vrh,
Mali Vrh,
Malija,
Maline pri Štrekljevcu,
Maline,
Malinišče,
Malkovec,
Malna,
Malni,
Malo Črnelo,
Malo Globoko,
Malo Hudo,
Malo Lešče,
Malo Lipje,
Malo Mlačevo,
Malo Mraševo,
Malo Naklo,
Malo Polje,
Malo Tinje,
Malo Trebeljevo,
Malo Ubeljsko,
Malovše,
Mamolj,
Manče,
Manžan,
Marezige,
Maribor,
Marija Dobje,
Marija Gradec,
Marija Reka,
Marijina vas,
Marinča vas,
Marinčki,
Marindol,
Marjeta na Dravskem Polju,
Markečica,
Markišavci,
Markovci,
Markovci,
Markovec,
Markovo,
Markovščina,
Marno,
Marolče,
Maršiči,
Maršiči,
Martinj Vrh,
Martinja vas pri Mokronogu,
Martinja vas,
Martinjak,
Martinje,
Martjanci,
Masore,
Matavun,
Matena,
Matenja vas,
Materija,
Matjaševci,
Matke,
Mavčiče,
Mavrc,
Mavrlen,
Medana,
Medija,
Medlog,
Medno,
Medribnik,
Medvedce,
Medvedica,
Medvedje Brdo,
Medvedjek,
Medvedjek,
Medvode,
Meglenik,
Meja,
Meje,
Mekinje nad Stično,
Mekinje,
Mekotnjak,
Melanjski Vrh,
Mele,
Melinci,
Meliše,
Meljski Hrib,
Mengeš,
Meniška vas,
Merče,
Mereče,
Mestinje,
Mestni Vrh,
Metava,
Metlika,
Metnaj,
Metni Vrh,
Metulje,
Mevce,
Mevkuž,
Mezgovci ob Pesnici,
Mezgovci,
Mežica,
Migojnice,
Migolica,
Migolska Gora,
Mihalovci,
Mihalovec,
Mihelca,
Mihele,
Mihelja vas,
Mihovce,
Mihovci pri Veliki Nedelji,
Mihovec,
Mihovica,
Mihovo,
Miklarji,
Miklavž na Dravskem polju,
Miklavž pri Ormožu,
Miklavž pri Taboru,
Mikote,
Milava,
Miliči,
Milje,
Miren,
Mirke,
Mirna Peč,
Mirna vas,
Mirna,
Mirtoviči,
Misliče,
Mislinja,
Mislinjska Dobrava,
Mišače,
Mišji Dol,
Mlače,
Mladje,
Mlajtinci,
Mlaka nad Lušo,
Mlaka pri Kočevju,
Mlaka pri Kočevski Reki,
Mlaka pri Kranju,
Mlaka,
Mlaka,
Mlake,
Mlake,
Mleščevo,
Mlinsko,
Mlinše,
Močile,
Močilno,
Močle,
Močna,
Močunigi,
Močvirje,
Modraže,
Modrej,
Modrejce,
Modrič,
Modrič,
Mohorje,
Mojstrana,
Mokronog,
Montinjan,
Morava,
Moravci v Slovenskih Goricah,
Moravče pri Gabrovki,
Moravče,
Moravske Toplice,
Moravška Gora,
Morje,
Morsko,
Most na Soči,
Most,
Moste,
Moste,
Mostec,
Mostečno,
Mostje,
Mostje,
Moščanci,
Moše,
Mošenik,
Mošenik,
Moškanjci,
Moškrin,
Mošnje,
Mota,
Motnik,
Motovilci,
Motvarjevci,
Moverna vas,
Movraž,
Mozelj,
Mozirje,
Možjanca,
Mramorovo pri Lužarjih,
Mramorovo pri Pajkovem,
Mrčna sela,
Mrše,
Mršeča vas,
Mrtovec,
Mrtvice,
Mrtvice,
Mrzla Luža,
Mrzla Planina,
Mrzlava vas,
Mrzli Log,
Mrzli Vrh,
Mrzli Vrh,
Mrzlo Polje,
Mrzlo Polje,
Muhabran,
Mulhe,
Muljava,
Murave,
Muretinci,
Murska Sobota,
Murski Črnci,
Murski Petrovci,
Murski Vrh,
Murščak,
Muta,
Na Logu,
Nadanje selo,
Nadbišec,
Nadgrad,
Nadlesk,
Nadole,
Nadrožica,
Naklo,
Naklo,
Naklo,
Nanos,
Naraplje,
Naredi,
Narin,
Nasirec,
Nasova,
Nasovče,
Navrški Vrh,
Nazarje,
Neblo,
Nebova,
Nedelica,
Negastrn,
Negova,
Negovski Vrh,
Nemci,
Nemčavci,
Nemilje,
Nemška Gora,
Nemška Loka,
Nemška vas na Blokah,
Nemška vas,
Nemška vas,
Nemški Rovt,
Neradnovci,
Nestoplja vas,
Neverke,
Nevlje,
Nezbiše,
Nimno,
Nizka,
Niževec,
Njiverce,
Njivica,
Njivice,
Nomenj,
Norički Vrh,
Noršinci pri Ljutomeru,
Noršinci,
Noše,
Notranje Gorice,
Nova Cerkev,
Nova Gora,
Nova Gora,
Nova Gora,
Nova Gora nad Slovensko Bistrico,
Nova Gorica,
Nova Lipa,
Nova Oselica,
Nova Sela,
Nova Sušica,
Nova Štifta,
Nova vas,
Nova vas,
Nova vas,
Nova vas,
Nova vas,
Nova vas nad Dragonjo,
Nova vas ob Sotli,
Nova vas pri Jelšanah,
Nova vas pri Konjicah,
Nova vas pri Lescah,
Nova vas pri Markovcih,
Nova vas pri Mokricah,
Nova vas pri Šmarju,
Novake,
Novake,
Novake,
Nove Ložine,
Novelo,
Novi Grad,
Novi Kot,
Novi Lazi,
Novi Pot,
Novi Svet,
Novi Vrh,
Novinci,
Novo Celje,
Novo mesto,
Novo Tepanje,
Novokračine,
Nozno,
Nožed,
Nožice,
Nunska Graba,
Nuskova,
Občice,
Občine,
Obla Gorica,
Obloke,
Obolno,
Obrat,
Obrež,
Obrežje pri Zidanem Mostu,
Obrežje,
Obrežje,
Obrh pri Dragatušu,
Obrh,
Obrne,
Obrov,
Obrše,
Ocinje,
Ocizla,
Očeslavci,
Odolina,
Odranci,
Odrga,
Ogljenšak,
Ogorevc,
Ograda,
Ogulin,
Ohonica,
Ojstri Vrh,
Ojstrica,
Ojstriška vas,
Ojstro,
Ojstro,
Okljuka,
Oklukova Gora,
Okonina,
Okoslavci,
Okoška Gora,
Okrog pri Motniku,
Okrog,
Okrog,
Okrog,
Okroglice,
Okroglo,
Okroglo,
Olešče,
Olika,
Olimje,
Olševek,
Omota,
Onek,
Onkraj Meže,
Opale,
Opalkovo,
Opatje Selo,
Oplotnica,
Orehek,
Orehek,
Orehek pri Materiji,
Orehova vas,
Orehovci,
Orehovec,
Orehovec,
Orehovica,
Orehovica,
Orehovica,
Orehovlje,
Orehovlje,
Orehovo,
Orehovski Vrh,
Orešje na Bizeljskem,
Orešje nad Sevnico,
Orešje,
Orkljevec,
Orla vas,
Orlaka,
Orle,
Orlek,
Ormož,
Ornuška vas,
Orova vas,
Ortnek,
Ortnice,
Osek,
Osek,
Osenca,
Osilnica,
Oskoršnica,
Oskrt,
Oslica,
Osluševci,
Osojnica,
Osojnik,
Osojnik,
Osolnik,
Osp,
Osrečje,
Osredek,
Osredek,
Osredek,
Osredek,
Osredek nad Stično,
Osredek pri Dobrovi,
Osredek pri Hubajnici,
Osredek pri Krmelju,
Osredek pri Podsredi,
Osredek pri Trški Gori,
Osredek pri Zrečah,
Osredke,
Ostenk,
Ostrog,
Ostrovica,
Ostrožnik,
Ostrožno Brdo,
Ostrožno pri Ločah,
Ostrožno pri Ponikvi,
Ošelj,
Oševek,
Oševljek,
Oštrc,
Otalež,
Otavice,
Otavnik,
Otemna,
Otiški Vrh,
Otlica,
Otoče,
Otočec,
Otok,
Otok,
Otonica,
Otošče,
Otovci,
Otovec,
Ovsiše,
Ozeljan,
Ožbalt,
Pacinje,
Padeški Vrh,
Padež,
Padež,
Padež,
Padna,
Padovo pri Fari,
Padovo pri Osilnici,
Paha,
Paka,
Paka pri Predgradu,
Paka pri Velenju,
Paka,
Paka,
Pako,
Palčje,
Paloviče,
Pameče,
Pance,
Paneče,
Pangrč Grm,
Pangršica,
Panovci,
Papeži,
Papirnica,
Paradišče,
Paradiž,
Parecag,
Paričjak,
Paridol,
Parižlje,
Parje,
Parož,
Paška vas,
Paški Kozjak,
Paunoviči,
Pavla vas,
Pavlica,
Pavlova vas,
Pavlovci,
Pavlovski Vrh,
Pece,
Pecelj,
Peč,
Pečarovci,
Peče,
Pečica,
Pečice,
Pečice,
Pečine,
Pečje,
Pečke,
Pečki,
Pečnik,
Pečovje,
Pečovnik,
Pedrovo,
Pekel,
Pekel,
Pekre,
Penoje,
Pepelno,
Peračica,
Peraji,
Perati,
Perišče,
Pernica,
Pernice,
Perniki,
Pernovo,
Perovec,
Perovo,
Pertoča,
Perudina,
Pesje,
Peskovci,
Pesnica pri Mariboru,
Pesnica,
Pesniški Dvor,
Pestike,
Peščeni Vrh,
Peščenik,
Petane,
Petanjci,
Petelinje,
Petelinje,
Petelinjek pri Ločah,
Petelinjek,
Petišovci,
Petkovec,
Petrina,
Petrinci,
Petrinje,
Petrova vas,
Petrovče,
Petrovo Brdo,
Petrušnja vas,
Pevno,
Pijana Gora,
Pijava Gorica,
Pijavice,
Pijovci,
Pikovnik,
Pilštanj,
Pince,
Pince - Marof,
Piran,
Pirče,
Pirešica,
Pirmane,
Piršenbreg,
Pirševo,
Pisari,
Pišece,
Pivka,
Pivola,
Placar,
Placerovci,
Plač,
Plače,
Planica,
Planica,
Planina na Pohorju,
Planina nad Horjulom,
Planina pod Golico,
Planina pod Šumikom,
Planina pri Cerknem,
Planina pri Raki,
Planina pri Sevnici,
Planina v Podbočju,
Planina,
Planina,
Planina,
Planina,
Planina,
Planina,
Planinca,
Planinca,
Planinska vas,
Planinska vas,
Planinski Vrh,
Planjsko,
Plat,
Plat,
Platinovec,
Plave,
Plavje,
Plavški Rovt,
Plazovje,
Plemberk,
Ples,
Ples,
Plesko,
Pleš,
Pleše,
Plešivec,
Plešivica pri Žalni,
Plešivica,
Plešivica,
Plešivica,
Plešivica,
Plešivo,
Pleterje,
Pleterje,
Pletovarje,
Plintovec,
Pliskovica,
Plitvica,
Plitvički Vrh,
Plodršnica,
Plosovo,
Pluska,
Plužna,
Plužnje,
Pobegi,
Pobrež,
Pobrežje,
Pobrežje,
Počakovo,
Poče,
Počehova,
Počenik,
Podbela,
Podbeže,
Podblica,
Podboč,
Podbočje,
Podboršt pri Komendi,
Podboršt,
Podboršt,
Podbrdo,
Podbreg,
Podbreg,
Podbrezje,
Podbreže,
Podbukovje pri Vačah,
Podbukovje,
Podcerkev,
Podčetrtek,
Poden,
Podgaj,
Podgora pri Dolskem,
Podgora pri Ložu,
Podgora pri Zlatem Polju,
Podgora,
Podgora,
Podgora,
Podgora,
Podgora,
Podgorci,
Podgorica pri Pečah,
Podgorica pri Podtaboru,
Podgorica pri Šmarju,
Podgorica,
Podgorica,
Podgorje ob Sevnični,
Podgorje pod Čerinom,
Podgorje pri Letušu,
Podgorje pri Pišecah,
Podgorje,
Podgorje,
Podgorje,
Podgorje,
Podgorje,
Podgozd,
Podgozd,
Podgračeno,
Podgrad na Pohorju,
Podgrad pri Vremah,
Podgrad,
Podgrad,
Podgrad,
Podgrad,
Podgrad,
Podgradje,
Podgraje,
Podgrič,
Podhojni Hrib,
Podhom,
Podhosta,
Podhruška,
Podigrac,
Podjelje,
Podjelovo Brdo,
Podjelše,
Podklanc,
Podklanec,
Podklanec,
Podklanec,
Podkočna,
Podkogelj,
Podkoren,
Podkraj pri Mežici,
Podkraj pri Velenju,
Podkraj pri Zagorju,
Podkraj,
Podkraj,
Podkraj,
Podkraj,
Podkraj,
Podkum,
Podlanišče,
Podlehnik,
Podlesje,
Podlešje,
Podlipa,
Podlipa,
Podlipa,
Podlipoglav,
Podlipovica,
Podlisec,
Podljubelj,
Podlog pod Bohorjem,
Podlog v Savinjski Dolini,
Podlog,
Podlog,
Podlom,
Podlonk,
Podlož,
Podlože,
Podmelec,
Podmilj,
Podmolnik,
Podnanos,
Podnart,
Podob,
Podobeno,
Podolnica,
Podolševa,
Podova,
Podpeca,
Podpeč nad Marofom,
Podpeč ob Dravinji,
Podpeč pod Skalo,
Podpeč pri Šentvidu,
Podpeč,
Podpeč,
Podpeč,
Podplanina,
Podplat,
Podpleče,
Podplešivica,
Podporezen,
Podpreska,
Podpulfrca,
Podraga,
Podreber,
Podreber,
Podreča,
Podrečje,
Podroje,
Podsabotin,
Podskrajnik,
Podslivnica,
Podsmrečje,
Podsmreka pri Velikih Laščah,
Podsmreka pri Višnji Gori,
Podsmreka,
Podsreda,
Podstene pri Kostelu,
Podstenice,
Podstenje,
Podstenjšek,
Podstran,
Podstrm,
Podstrmec,
Podstudenec,
Podšentjur,
Podtabor,
Podtabor,
Podturn pri Dolenjskih Toplicah,
Podturn,
Podturn,
Podulaka,
Podulce,
Podvelka,
Podveža,
Podvin pri Polzeli,
Podvin,
Podvinci,
Podvine,
Podvinje,
Podvolovljek,
Podvrh,
Podvrh,
Podvrh,
Podvrh,
Podzemelj,
Podžaga,
Pogled,
Pogled,
Pogonik,
Pohorje,
Poklek nad Blanco,
Poklek pri Podsredi,
Pokojišče,
Pokojnica,
Pokoše,
Polajna,
Polana,
Polana,
Polana,
Polenci,
Polene,
Polenšak,
Poletiči,
Polhov Gradec,
Polhovica,
Polica,
Polica,
Police,
Police,
Polička vas,
Polički Vrh,
Poljana,
Poljana,
Poljane nad Blagovico,
Poljane nad Škofjo Loko,
Poljane pri Mirni Peči,
Poljane pri Podgradu,
Poljane pri Primskovem,
Poljane pri Stični,
Poljane pri Štjaku,
Poljane pri Žužemberku,
Poljane,
Poljane,
Poljčane,
Poljče,
Poljče,
Polje ob Sotli,
Polje pri Bistrici,
Polje pri Tržišču,
Polje pri Višnji Gori,
Polje pri Vodicah,
Polje,
Polje,
Poljšica pri Gorjah,
Poljšica pri Podnartu,
Poljubinj,
Polom,
Polšeče,
Polšina,
Polšnik,
Polzela,
Polzelo,
Polžanska Gorca,
Polžanska vas,
Polže,
Pomjan,
Pondor,
Pongrac,
Pongrce,
Ponikva pri Žalcu,
Ponikva,
Ponikve pri Studencu,
Ponikve,
Ponikve,
Ponikve,
Ponikve,
Ponikve,
Ponkvica,
Ponova vas,
Ponoviče,
Popetre,
Popovci,
Popovo,
Pordašinci,
Poreber,
Poreče,
Porezen,
Portorož,
Posavec,
Postaja,
Postojna,
Poštena vas,
Potarje,
Potiskavec,
Potoče,
Potoče,
Potoče,
Potok pri Dornberku,
Potok pri Komendi,
Potok pri Muljavi,
Potok pri Vačah,
Potok v Črni,
Potok,
Potok,
Potok,
Potok,
Potok,
Potok,
Potok,
Potoki,
Potoki,
Potoki,
Potoška vas,
Potov Vrh,
Povčeno,
Povir,
Povlje,
Povodje,
Površje,
Povžane,
Pozirno,
Poznanovci,
Poznikovo,
Požarje,
Požeg,
Poženik,
Požnica,
Prade,
Pragersko,
Prapetno Brdo,
Prapetno,
Prapreče,
Prapreče,
Prapreče pri Straži,
Prapreče pri Šentjerneju,
Prapreče,
Prapreče,
Prapretno pri Hrastniku,
Prapretno pri Hrastniku,
Prapretno,
Prapretno,
Praproče pri Grosupljem,
Praproče pri Temenici,
Praproče v Tuhinju,
Praproče,
Praproče,
Praproče,
Praproče,
Praproše,
Praprot,
Praprotna Polica,
Praprotnica,
Praprotno Brdo,
Praprotno,
Praše,
Prazniki,
Prebačevo,
Prebold,
Precetinci,
Preclava,
Prečna,
Predanovci,
Preddvor,
Predel,
Predenca,
Predgrad,
Predgriže,
Predjama,
Predloka,
Predmeja,
Predmost,
Predole,
Predoslje,
Predstruge,
Pregara,
Pregarje,
Prekopa,
Prekorje,
Prelasko,
Prelesje,
Prelesje,
Prelesje,
Prelesje,
Prelog,
Preloge pri Konjicah,
Preloge pri Šmarju,
Preloge,
Preloge,
Preloka,
Prelože pri Lokvi,
Prelože,
Prelska,
Prem,
Premagovce,
Premančan,
Prepolje,
Prepuž,
Prerad,
Presečno,
Preserje pri Komnu,
Preserje pri Lukovici,
Preserje pri Radomljah,
Preserje pri Zlatem Polju,
Preserje,
Preserje,
Preserje,
Presika,
Preska,
Preska nad Kostrevnico,
Preska pri Dobrniču,
Preska,
Preska,
Presladol,
Prestranek,
Preša,
Preški Vrh,
Prešna Loka,
Prešnica,
Pretrež,
Pretrž,
Prevale,
Prevalje pod Krimom,
Prevalje,
Prevalje,
Preveg,
Prevoje pri Šentvidu,
Prevoje,
Prevole,
Prezrenje,
Preženjske Njive,
Prežganje,
Prežigal,
Prhajevo,
Pri Cerkvi - Struge,
Pribinci,
Pribišje,
Prigorica,
Prihodi,
Prihova,
Prihova,
Prikrnica,
Prilesje,
Prilesje,
Prilipe,
Prilozje,
Primča vas,
Primostek,
Primož pri Ljubnem,
Primož pri Šentjurju,
Primož,
Primoži,
Primskovo,
Primštal,
Pristava nad Stično,
Pristava ob Krki,
Pristava pod Rako,
Pristava pri Lesičnem,
Pristava pri Leskovcu,
Pristava pri Mestinju,
Pristava pri Polhovem Gradcu,
Pristava pri Šentjerneju,
Pristava pri Višnji Gori,
Pristava,
Pristava,
Pristava,
Pristava,
Pristava,
Pristava,
Pristava,
Pristava,
Pristavica pri Velikem Gabru,
Pristavica,
Pristavica,
Pristavlja vas,
Pristavo,
Pristova,
Prnek,
Prosečka vas,
Proseniško,
Prosenjakovci,
Prožinska vas,
Pršetinci,
Prtovč,
Prušnja vas,
Prvačina,
Prvenci,
Prvine,
Pšajnovica,
Pšata,
Pšata,
Pšenična Polica,
Pševo,
Ptuj,
Ptujska Cesta,
Ptujska Gora,
Puc,
Puconci,
Puče,
Pudob,
Pugled pri Karlovici,
Pugled pri Mokronogu,
Pugled,
Pungert,
Pungert,
Pungert,
Purga,
Purkače,
Pusti Gradec,
Pusti Hrib,
Pusti Javor,
Pustike,
Pusto Polje,
Puščava,
Puščava,
Pušče,
Pušenci,
Puštal,
Puževci,
Rača,
Rače,
Račeva,
Račica,
Račica,
Račice,
Račja vas,
Račje selo,
Rački Vrh,
Račni Vrh,
Radana vas,
Radanja vas,
Radeče,
Radegunda,
Radehova,
Radelca,
Radenci,
Radenski Vrh,
Radež,
Radgonica,
Radizel,
Radlek,
Radlje ob Dravi,
Radmirje,
Radmožanci,
Radna vas,
Radna,
Radoblje,
Radohova vas,
Radomerje,
Radomerščak,
Radomlje,
Radoslavci,
Radoši,
Radovci,
Radovica,
Radoviči,
Radovlja,
Radovljica,
Radovna,
Raduha,
Raduše,
Radvenci,
Rafolče,
Rajec,
Rajhenav,
Rajndol,
Rajnkovec,
Rajnovšče,
Rajšele,
Raka,
Rake,
Rakek,
Rakičan,
Rakitna,
Rakitnica,
Rakitnik,
Rakitovec,
Rakitovec,
Rakov Škocjan,
Rakova Steza,
Rakovci,
Rakovec,
Rakovec,
Rakovec,
Rakovica,
Rakovlje,
Rakovnik pri Birčni Vasi,
Rakovnik pri Šentrupertu,
Rakovnik,
Rakovnik,
Rakulik,
Ranca,
Ranče,
Rankovci,
Rapljevo,
Raskovec,
Raša,
Rašica,
Rašica,
Ratanska vas,
Rateče,
Ratečevo Brdo,
Ratež,
Ratje,
Ratkovci,
Ravenska vas,
Ravnace,
Ravne na Blokah,
Ravne na Koroškem,
Ravne nad Šentrupertom,
Ravne pri Cerknem,
Ravne pri Mlinšah,
Ravne pri Šmartnem,
Ravne pri Zdolah,
Ravne pri Žireh,
Ravne v Bohinju,
Ravne,
Ravne,
Ravne,
Ravne,
Ravne,
Ravne,
Ravne,
Ravni Dol,
Ravni Dol,
Ravni,
Ravnica,
Ravnica,
Ravnik pri Hotedršici,
Ravnik,
Ravnik,
Ravnje,
Ravno Brdo,
Ravno,
Ravno,
Razbor pri Čemšeniku,
Razbor,
Razbor,
Razborca,
Razbore,
Razbore,
Razdelj,
Razdrto,
Razdrto,
Razgor pri Žabljeku,
Razgor,
Razgorce,
Razguri,
Razkrižje,
Razori,
Razpotje,
Raztez,
Razvanje,
Rdeči Breg,
Rdeči Breg,
Rdeči Kal,
Rdeči Kal,
Reber pri Škofljici,
Reber,
Recenjak,
Rečica ob Paki,
Rečica ob Savinji,
Rečica,
Reka,
Reka,
Remšnik,
Renče,
Renke,
Renkovci,
Rep,
Reparje,
Repče,
Repče,
Repišče,
Replje,
Repnje,
Repno,
Repuš,
Resnik,
Reštanj,
Reteče,
Retje,
Retje nad Trbovljami,
Retnje,
Reva,
Ribče,
Ribčev Laz,
Ribjek,
Ribjek,
Ribnica na Pohorju,
Ribnica,
Ribnica,
Ribnica,
Ribniško selo,
Ribno,
Rifengozd,
Rifnik,
Rigelj pri Ortneku,
Rigonce,
Riharjevec,
Rihpovec,
Rihtarovci,
Rimske Toplice,
Rinčetova Graba,
Ritmerk,
Ritomeče,
Ritoznoj,
Rižana,
Rjavci,
Rjavče,
Rjavica,
Rob,
Robanov Kot,
Robič,
Robidišče,
Robidnica,
Roče,
Ročevnica,
Ročica,
Ročinj,
Rodež,
Rodica,
Rodik,
Rodine pri Trebnjem,
Rodine,
Rodine,
Rodmošci,
Rodni Vrh,
Rogačice,
Rogaška Slatina,
Rogašovci,
Rogatec nad Želimljami,
Rogatec,
Rogati Hrib,
Roginska Gorca,
Rogla,
Rogoza,
Rogoznica,
Roje pri Čatežu,
Roje pri Trebelnem,
Roje,
Ropoča,
Rosalnice,
Rošnja,
Rošpoh,
Rošpoh,
Rotman,
Rova,
Rove,
Rove,
Rovišče pri Studencu,
Rovišče,
Rovt pod Menino,
Rovt,
Rovtarske Žibrše,
Rovte v Selški dolini,
Rovte,
Rovte,
Rožanče,
Rožanec,
Rožar,
Roženberk,
Rožengrunt,
Roženpelj,
Rožice,
Rožič Vrh,
Rožički Vrh,
Rožično,
Rožna Dolina,
Rožni Dol,
Rožni Vrh,
Rožni Vrh,
Rožnik,
Rožno,
Rtiče,
Rubije,
Rucmanci,
Ručetna vas,
Rudna vas,
Rudnica,
Rudnik pri Moravčah,
Rudnik pri Radomljah,
Rudno,
Rudolfovo,
Ruhna vas,
Rumanja vas,
Runarsko,
Runeč,
Runtole,
Rupe,
Rupe,
Ruperče,
Ruše,
Ruše,
Rut,
Ruta,
Ržišče,
Ržišče,
Ržiše,
Sabonje,
Sad,
Sadinja vas pri Dvoru,
Sadinja vas,
Sajenice,
Sajevce,
Sajevče,
Sajevec,
Saksid,
Sakušak,
Samotorica,
Sanabor,
Sapnik,
Sarsko,
Satahovci,
Sava,
Savci,
Savica,
Savina,
Savinsko,
Sebeborci,
Sebenje,
Seč,
Seča,
Sečje Selo,
Sečovlje,
Sedlarjevo,
Sedlašek,
Sedlo,
Sedraž,
Segonje,
Segovci,
Sejanci,
Sejenice,
Sekirišče,
Sela na Krasu,
Sela nad Podmelcem,
Sela pri Ajdovcu,
Sela pri Dobovi,
Sela pri Dobu,
Sela pri Dolenjskih Toplicah,
Sela pri Dragatušu,
Sela pri Hinjah,
Sela pri Jugorju,
Sela pri Kamniku,
Sela pri Otovcu,
Sela pri Raki,
Sela pri Ratežu,
Sela pri Sobračah,
Sela pri Šentjerneju,
Sela pri Šmarju,
Sela pri Štravberku,
Sela pri Šumberku,
Sela pri Višnji Gori,
Sela pri Volčah,
Sela pri Vrčicah,
Sela pri Zajčjem Vrhu,
Sela pri Zburah,
Sela,
Sela,
Sela,
Sela,
Sela,
Selca,
Selce nad Blanco,
Selce pri Leskovcu,
Selce pri Moravčah,
Selce,
Selce,
Selce,
Selce,
Selce,
Selce,
Sele,
Sele,
Sele pri Polskavi,
Sele,
Selišče,
Selišče,
Selišči,
Selnica ob Dravi,
Selnica ob Muri,
Selnik,
Selo nad Laškim,
Selo nad Polhovim Gradcem,
Selo pri Bledu,
Selo pri Ihanu,
Selo pri Kostelu,
Selo pri Mirni,
Selo pri Moravčah,
Selo pri Pancah,
Selo pri Radohovi Vasi,
Selo pri Robu,
Selo pri Vodicah,
Selo pri Vranskem,
Selo pri Zagorici,
Selo pri Zagorju,
Selo pri Žirovnici,
Selo,
Selo,
Selo,
Selo,
Selo,
Selovec,
Selska Gora,
Selski Vrh,
Selšček,
Selšek,
Semič,
Senadole,
Senadolice,
Senčak pri Juršincih,
Senčak,
Senešci,
Seničica,
Senično,
Senik,
Senik,
Seniški Breg,
Senovica,
Senovo,
Senožeče,
Senožete,
Senožete,
Senožeti,
Senožeti,
Senuše,
Serdica,
Serjuče,
Sestrže,
Setnica,
Setnica,
Setnik,
Sevce,
Sevec,
Sevnica,
Sevno,
Sevno,
Sežana,
Sidol,
Sidraž,
Silova,
Silovec,
Sinja Gorica,
Sinji Vrh,
Sinovica,
Sirči,
Sitarovci,
Sitež,
Skadanščina,
Skakovci,
Skaručna,
Skoke,
Skomarje,
Skopo,
Skorba,
Skorišnjak,
Skorno pri Šoštanju,
Skorno,
Skrblje,
Skrilje,
Skrovnik,
Sladka Gora,
Sladki Vrh,
Slamna vas,
Slamniki,
Slamnjak,
Slance,
Slančji Vrh,
Slap ob Idrijci,
Slap,
Slap,
Slap,
Slape,
Slapnik,
Slaptinci,
Slatenik,
Slatina pri Dobjem,
Slatina pri Ponikvi,
Slatina v Rožni dolini,
Slatina,
Slatina,
Slatina,
Slatinski Dol,
Slatna,
Slatnik,
Slavče,
Slavina,
Slavina,
Slavinje,
Slavski Laz,
Slavšina,
Sleme,
Slepšek,
Slinovce,
Slivice,
Slivje,
Slivje,
Slivna,
Slivnica pri Celju,
Slivnica pri Mariboru,
Slivniško Pohorje,
Slivno,
Slogonsko,
Sloka Gora,
Slomi,
Slope,
Slovenj Gradec,
Slovenja vas,
Slovenska Bistrica,
Slovenska vas,
Slovenska vas,
Slovenska vas,
Slovenska vas,
Slovenske Konjice,
Slovenski Javornik,
Slugovo,
Smast,
Smečice,
Smednik,
Smlednik,
Smokuč,
Smokvica,
Smoldno,
Smolenja vas,
Smoleva,
Smolinci,
Smolnik,
Smolnik,
Smrečje v Črni,
Smrečje,
Smrečno,
Smrje,
Smrjene,
Smuka,
Snežatno,
Snežeče,
Snežnik#Naselje Snežnik,
Snovik,
Sobenja vas,
Sobetinci,
Sobrače,
Socerb,
Socka,
Soča,
Sočerga,
Sodevci,
Sodinci,
Sodišinci,
Sodji Vrh,
Sodna vas,
Sodražica,
Sojek,
Sokoliči,
Solčava,
Solkan,
Sopota,
Sopota,
Sopotnica,
Sora,
Sotensko pod Kalobjem,
Sotensko pri Šmarju,
Soteska pri Moravčah,
Soteska,
Soteska,
Sotina,
Soviče,
Sovinja Peč,
Sovjak,
Sovjak,
Sovodenj,
Sovra,
Soze,
Spodnja Bačkova,
Spodnja Bela,
Spodnja Besnica,
Spodnja Bilpa,
Spodnja Branica,
Spodnja Brežnica,
Spodnja Dobrava,
Spodnja Dobrava,
Spodnja Draga,
Spodnja Gorica,
Spodnja Hajdina,
Spodnja Idrija,
Spodnja Jablanica,
Spodnja Javoršica,
Spodnja Kanomlja,
Spodnja Kapla,
Spodnja Korena,
Spodnja Kostrivnica,
Spodnja Libna,
Spodnja Lipnica,
Spodnja Ložnica,
Spodnja Luša,
Spodnja Nova vas,
Spodnja Orlica,
Spodnja Pohanca,
Spodnja Polskava,
Spodnja Ponkvica,
Spodnja Pristava,
Spodnja Rečica,
Spodnja Rečica,
Spodnja Ročica,
Spodnja Selnica,
Spodnja Senarska,
Spodnja Senica,
Spodnja Slivnica,
Spodnja Sorica,
Spodnja Sveča,
Spodnja Ščavnica,
Spodnja Velka,
Spodnja Vižinga,
Spodnja Voličina,
Spodnje Bitnje,
Spodnje Blato,
Spodnje Brezovo,
Spodnje Danje,
Spodnje Dobrenje,
Spodnje Dule,
Spodnje Duplice,
Spodnje Duplje,
Spodnje Gameljne,
Spodnje Gorče,
Spodnje Gorje,
Spodnje Gruškovje,
Spodnje Grušovje,
Spodnje Grušovlje,
Spodnje Hlapje,
Spodnje Hoče,
Spodnje Jablane,
Spodnje Jarše,
Spodnje Jelenje,
Spodnje Jezersko,
Spodnje Konjišče,
Spodnje Koseze,
Spodnje Kraše,
Spodnje Laze,
Spodnje Laže,
Spodnje Loke,
Spodnje Mestinje,
Spodnje Mladetiče,
Spodnje Negonje,
Spodnje Palovče,
Spodnje Partinje,
Spodnje Pijavško,
Spodnje Pirniče,
Spodnje Pobrežje,
Spodnje Poljčane,
Spodnje Prapreče,
Spodnje Prebukovje,
Spodnje Preloge,
Spodnje Roje,
Spodnje Sečovo,
Spodnje Selce,
Spodnje Slemene,
Spodnje Stranice,
Spodnje Stranje,
Spodnje Škofije,
Spodnje Tinsko,
Spodnje Verjane,
Spodnje Vetrno,
Spodnje Vodale,
Spodnje Vrtiče,
Spodnji Boč,
Spodnji Brnik,
Spodnji Čačič,
Spodnji Dolič,
Spodnji Duplek,
Spodnji Gabrnik,
Spodnji Gaj pri Pragerskem,
Spodnji Gasteraj,
Spodnji Hotič,
Spodnji Ivanjci,
Spodnji Jakobski Dol,
Spodnji Jernej,
Spodnji Kamenščak,
Spodnji Ključarovci,
Spodnji Kocjan,
Spodnji Leskovec,
Spodnji Log,
Spodnji Log,
Spodnji Otok,
Spodnji Petelinjek,
Spodnji Porčič,
Spodnji Prekar,
Spodnji Razbor,
Spodnji Slemen,
Spodnji Stari Grad,
Spodnji Tuštanj,
Spodnji Velovlek,
Spodnji Vrsnik,
Spodnji Žerjavci,
Spuhlja,
Srakovlje,
Srebotje,
Srebrniče,
Srebrnik,
Sredgora,
Središče ob Dravi,
Središče,
Srednik,
Srednja Bela,
Srednja Bistrica,
Srednja Dobrava,
Srednja Kanomlja,
Srednja vas - Goriče,
Srednja vas pri Dragi,
Srednja vas pri Kamniku,
Srednja vas pri Polhovem Gradcu,
Srednja vas pri Šenčurju,
Srednja vas v Bohinju,
Srednja vas,
Srednja vas,
Srednja vas - Loški potok,
Srednja vas - Poljane,
Srednje Arto,
Srednje Bitnje,
Srednje Brdo,
Srednje Gameljne,
Srednje Grčevje,
Srednje Jarše,
Srednje Laknice,
Srednje Pijavško,
Srednje,
Srednji Dolič,
Srednji Gasteraj,
Srednji Globodol,
Srednji Lipovec,
Srednji Potok,
Srednji Radenci,
Srednji Vrh,
Srednji vrh,
Sremič,
Srgaši,
Srnjak,
Srobotnik ob Kolpi,
Srobotnik pri Velikih Laščah,
Sromlje,
Srpenica,
Srževica,
Stahovica,
Staje,
Stan,
Stanečka vas,
Stanetinci,
Stanetinci,
Stanežiče,
Staniše,
Stanjevci,
Stankovo,
Stanošina,
Stanovišče,
Stanovno,
Stanovsko,
Stara Bučka,
Stara Cerkev,
Stara Cesta,
Stara Fužina,
Stara Gora pri Šentilju,
Stara Gora pri Velikem Gabru,
Stara Gora,
Stara Gora,
Stara Gora,
Stara Gora,
Stara Lipa,
Stara Loka,
Stara Nova vas,
Stara Oselica,
Stara Sela,
Stara Sušica,
Stara vas,
Stara vas - Bizeljsko,
Stara Vrhnika,
Stare Slemene,
Stare Žage,
Stari Breg,
Stari Dvor,
Stari Grad v Podbočju,
Stari Grad,
Stari Grad,
Stari Kot,
Stari Log,
Stari Log,
Stari trg ob Kolpi,
Stari trg pri Ložu,
Stari trg,
Stari trg,
Starihov Vrh,
Staro Brezje,
Staro selo,
Starod,
Starošince,
Starše,
Stavča vas,
Stavešinci,
Stavešinski Vrh,
Stebljevek,
Stegne,
Stehanja vas,
Stelnik,
Stenica,
Stepani,
Steske,
Stična,
Stirpnik,
Stiška vas,
Stogovci,
Stogovci,
Stojanski Vrh,
Stojnci,
Stolnik,
Stolovnik,
Stomaž,
Stomaž,
Stopce,
Stopče,
Stope,
Stoperce,
Stopiče,
Stopnik,
Stopnik,
Stopno,
Stopno,
Strahinj,
Strahomer,
Strajna,
Strane,
Stranice,
Stranje pri Dobrniču,
Stranje pri Škocjanu,
Stranje pri Velikem Gabru,
Stranje,
Stranje,
Stranska vas ob Višnjici,
Stranska vas pri Semiču,
Stranska vas,
Stranska vas,
Stranske Makole,
Stranski Vrh,
Straška Gorca,
Straža na Gori,
Straža pri Dolu,
Straža pri Krškem,
Straža pri Moravčah,
Straža pri Novi Cerkvi,
Straža pri Oplotnici,
Straža pri Raki,
Straža,
Straža,
Straža,
Straža,
Straže,
Stražgonjca,
Stražica,
Stražišče,
Stražišče,
Stražnji Vrh,
Strehovci,
Strejaci,
Strelac,
Strelci,
Strensko,
Strezetina,
Strjanci,
Strletje,
Strmca,
Strmca,
Strmca,
Strmec na Predelu,
Strmec nad Dobrno,
Strmec pri Destrniku,
Strmec pri Leskovcu,
Strmec pri Ormožu,
Strmec pri Polenšaku,
Strmec pri Svetem Florijanu,
Strmec,
Strmec,
Strmec,
Strmec,
Strmica,
Strmo Rebro,
Strnišče,
Stročja vas,
Strojiči,
Strojna,
Strtenica,
Strtenik,
Strug,
Strukovci,
Strunjan,
Stružnica,
Stržišče,
Stržišče,
Studena Gora,
Studenca,
Studence,
Studence,
Studenčice,
Studenčice,
Studenec na Blokah,
Studenec pri Krtini,
Studenec,
Studenec,
Studenec,
Studenice,
Studeno na Blokah,
Studeno,
Studeno,
Studor v Bohinju,
Studor,
Suha pri Predosljah,
Suha,
Suhadol,
Suhadol,
Suhadole,
Suhadole,
Suhi Vrh,
Suhi Vrh,
Suho,
Suhor pri Dolenjskih Toplicah,
Suhor,
Suhor,
Suhorje,
Suša,
Suša,
Sušak,
Sušica,
Sušje,
Sužid,
Svečane,
Svečina,
Sveta Ana v Slovenskih Goricah,
Sveta Barbara,
Sveta Ema,
Sveta Planina,
Sveta Trojica,
Sveta Trojica,
Sveta Trojica v Slovenskih goricah,
Svetega Petra Hrib,
Svetelka,
Sveti Andrej,
Sveti Andrej,
Sveti Anton na Pohorju,
Sveti Anton,
Sveti Boštjan,
Sveti Danijel,
Sveti Duh,
Sveti Duh,
Sveti Duh,
Sveti Duh na Ostrem Vrhu,
Sveti Florijan,
Sveti Florijan nad Škofjo Loko,
Sveti Gregor,
Sveti Jernej,
Sveti Jernej nad Muto,
Sveti Jošt nad Kranjem,
Sveti Jurij,
Sveti Jurij,
Sveti Jurij,
Sveti Jurij ob Ščavnici,
Sveti Lenart,
Sveti Lenart,
Sveti Lovrenc,
Sveti Ožbolt,
Sveti Peter,
Sveti Primož na Pohorju,
Sveti Primož nad Muto,
Sveti Štefan,
Sveti Tomaž,
Sveti Trije Kralji,
Sveti Trije Kralji v Slovenskih goricah,
Sveti Vid,
Sveti Vid,
Sveti Vrh,
Svetina,
Svetinci,
Svetinja,
Svetli Dol,
Sveto,
Svibnik,
Svibno,
Svinjsko,
Svino,
Svržaki,
Šafarsko,
Šahovec,
Šalamenci,
Šalara,
Šalinci,
Šalka vas,
Šalovci,
Šalovci,
Šardinje,
Šared,
Šavna Peč,
Ščit,
Ščurki,
Šebrelje,
Šedem,
Šedina,
Šegova vas,
Šeki,
Šembije,
Šemnik,
Šempas,
Šempeter pri Gorici,
Šempeter v Savinjski dolini,
Šenbric,
Šenčur,
Šentanel,
Šentgotard,
Šentilj pod Turjakom,
Šentilj v Slovenskih goricah,
Šentjakob,
Šentjanž nad Dravčami,
Šentjanž nad Štorami,
Šentjanž pri Dravogradu,
Šentjanž,
Šentjanž,
Šentjernej,
Šentjošt nad Horjulom,
Šentjošt,
Šentjungert,
Šentjur na Polju,
Šentjur,
Šentjurij na Dolenjskem,
Šentjurje,
Šentlambert,
Šentlovrenc,
Šentovec,
Šentožbolt,
Šentpavel na Dolenjskem,
Šentpavel pri Domžalah,
Šentpavel,
Šentrupert,
Šentrupert,
Šentrupert,
Šenturška Gora,
Šentvid pri Grobelnem,
Šentvid pri Lukovici,
Šentvid pri Planini,
Šentvid pri Stični,
Šentvid pri Zavodnju,
Šentviška Gora,
Šepulje,
Šerovo,
Šestdobe,
Šešče pri Preboldu,
Šetarova,
Ševlje,
Ševnica,
Šibelji,
Šibenik,
Šikole,
Šilentabor,
Šinkov Turn,
Šipek,
Širje,
Širmanski Hrib,
Široka Set,
Škalce,
Škale,
Škalske Cirkovce,
Škamevec,
Škarnice,
Škedenj,
Škemljevec,
Šklendrovec,
Škocjan,
Škocjan,
Škocjan,
Škocjan,
Škocjan,
Škofce,
Škofi,
Škofija,
Škofja Loka,
Škofja Riža,
Škofja vas,
Škoflje,
Škoflje,
Škofljica,
Škovec,
Škovec,
Škrabče,
Škrajnek,
Škrbina,
Škrilje,
Škrilje,
Škrjanče pri Novem mestu,
Škrjanče,
Škrjanče,
Škrjančevo,
Škrljevo,
Škrlovica,
Škufče,
Šlovrenc,
Šmalčja vas,
Šmarata,
Šmarca,
Šmarčna,
Šmarje pri Jelšah,
Šmarje pri Sežani,
Šmarje,
Šmarje,
Šmarje,
Šmarje - Sap,
Šmarješke Toplice,
Šmarjeta pri Celju,
Šmarjeta,
Šmartinske Cirkovce,
Šmartno na Pohorju,
Šmartno ob Dreti,
Šmartno ob Paki,
Šmartno pri Litiji,
Šmartno pri Slovenj Gradcu,
Šmartno v Rožni dolini,
Šmartno v Tuhinju,
Šmartno,
Šmartno,
Šmatevž,
Šmaver,
Šmaver,
Šmihel nad Mozirjem,
Šmihel pod Nanosom,
Šmihel pri Žužemberku,
Šmihel,
Šmihel,
Šmihel,
Šmiklavž pri Škofji vasi,
Šmiklavž,
Šmiklavž,
Šmohor,
Šober,
Šomat,
Šoštanj,
Špeharji,
Špičnik,
Špitalič pri Slovenskih Konjicah,
Špitalič,
Šprinc,
Šratovci,
Šent Janž pri Radljah,
Štajer,
Štajerska vas,
Štajngrob,
Štajngrova,
Štalcerji,
Štangarske Poljane,
Štanjel,
Štatenberg,
Štatenberk,
Štefan pri Trebnjem,
Štefanja Gora,
Štjak,
Štore,
Štorje,
Štorovo,
Štravberk,
Štrekljevec,
Štrihovec,
Štrit,
Štrukljeva vas,
Šturmovci,
Šujica,
Šulinci,
Šumnik,
Šutna,
Šutna,
Tabor,
Tabor,
Tabor,
Tajhte,
Talčji Vrh,
Tanča Gora,
Tatinec,
Tatre,
Tavžlje,
Teharje,
Tehovec,
Tekačevo,
Telče,
Telčice,
Temenica,
Temljine,
Temnica,
Tenetiše,
Tenetiše,
Tepanje,
Tepanjski Vrh,
Tepe,
Ter,
Terbegovci,
Tešanovci,
Tešova,
Tevče,
Tevče,
Tibolci,
Tihaboj,
Tinjan,
Tinjska Gora,
Tirna,
Tirosek,
Tisovec,
Tišenpolj,
Tišina,
Tlaka,
Tlake,
Tlake,
Todraž,
Tolčane,
Tolmin,
Tolminske Ravne,
Tolminski Lom,
Tolsti Vrh,
Tolsti Vrh,
Tolsti Vrh pri Mislinji,
Tolsti Vrh,
Tolsti Vrh,
Tolsti Vrh,
Tomačevica,
Tomaj,
Tomaška vas,
Tomaž nad Vojnikom,
Tomažini,
Tomažja vas,
Tominje,
Tomišelj,
Topla,
Topol pri Begunjah,
Topol pri Medvodah,
Topol,
Topolc,
Topole,
Topole,
Topolje,
Topolovci,
Topolovec,
Topolovec,
Topolovo,
Topolšica,
Topovlje,
Torka,
Torovo,
Toško Čelo,
Tovsto,
Trata pri Velesovem,
Trata,
Trate,
Tratna ob Voglajni,
Tratna pri Grobelnem,
Trava,
Travna Gora,
Travni Dol,
Travnik,
Travnik,
Trbinc,
Trboje,
Trbonje,
Trbovlje,
Trčova,
Trdkova,
Trdobojci,
Trebanjski Vrh,
Trebča vas,
Trebče,
Trebelno pri Palovčah,
Trebelno,
Trebenče,
Trebeše,
Trebež,
Trebež,
Trebija,
Trebižani,
Trebnja Gorica,
Trebnje,
Trebnji Vrh,
Tremerje,
Trenta,
Trgovišče,
Triban,
Tribej,
Tribuče,
Trimlini,
Trlično,
Trnava,
Trniče,
Trnjava,
Trnje,
Trnje,
Trnje,
Trnje,
Trno,
Trnov Hrib,
Trnovci,
Trnovče,
Trnovec pri Dramljah,
Trnovec pri Slovenski Bistrici,
Trnovec,
Trnovec,
Trnovec,
Trnovec,
Trnovec,
Trnovec,
Trnovica,
Trnovlje pri Celju,
Trnovlje pri Socki,
Trnovo ob Soči,
Trnovo,
Trnovo,
Trnovska vas,
Trnovski Vrh,
Trobelno,
Troblje,
Trobni Dol,
Trojane,
Trojno,
Tropovci,
Troščine,
Trotkova,
Trpčane,
Trsek,
Trstenik,
Trstenik,
Trstenik,
Trščina,
Trška Gora,
Trška Gora,
Trška Gorca,
Trtnik,
Truške,
Trzin,
Tržec,
Tržič,
Tržič,
Tržišče,
Tržišče,
Tublje pri Hrpeljah,
Tublje pri Komnu,
Tučna,
Tuji Grm,
Tuljaki,
Tuncovec,
Tunjice,
Tunjiška Mlaka,
Tupaliče,
Tupelče,
Turiška vas na Pohorju,
Turiška vas,
Turjak,
Turjanci,
Turjanski Vrh,
Turje,
Turnišče,
Turno,
Turnše,
Turški Vrh,
Tušev Dol,
Učak,
Učakovci,
Udje,
Udmat,
Ugovec,
Ukanc,
Ukanje,
Ulaka,
Ulaka,
Unec,
Unično,
Uniše,
Urh,
Uršlja Gora,
Uršna sela,
Ustje,
Utik,
Utovlje,
Uzmani,
V Zideh,
Vače,
Vadarci,
Vadiče,
Vajgen,
Valburga,
Vale,
Valična vas,
Valterski Vrh,
Vanča vas,
Vaneča,
Vanetina,
Vanganel,
Varda,
Vareja,
Vareje,
Varoš,
Varpolje,
Vas,
Vas,
Vaseno,
Vašca,
Vaše,
Vatovlje,
Vavpča vas pri Dobrniču,
Vavta vas,
Večeslavci,
Večje Brdo,
Večkoti,
Vedrijan,
Vejice,
Velenje,
Velesovo,
Veličane,
Velika Brda,
Velika Bukovica,
Velika Dobrava,
Velika Dolina,
Velika Goba,
Velika Hubajnica,
Velika Ilova Gora,
Velika Kostrevnica,
Velika Lahinja,
Velika Lašna,
Velika Ligojna,
Velika Loka,
Velika Loka,
Velika Nedelja,
Velika Pirešica,
Velika Planina,
Velika Polana,
Velika Preska,
Velika Pristava,
Velika Račna,
Velika Raven,
Velika sela,
Velika Slevica,
Velika Stara vas,
Velika Strmica,
Velika Ševnica,
Velika Štanga,
Velika Varnica,
Velika vas pri Krškem,
Velika vas,
Velike Bloke,
Velike Brusnice,
Velike Češnjice,
Velike Dole pri Temenici,
Velike Dole,
Velike Gorelce,
Velike Grahovše,
Velike Kompolje,
Velike Lašče,
Velike Lese,
Velike Lipljene,
Velike Loče,
Velike Malence,
Velike Pece,
Velike Poljane,
Velike Poljane,
Velike Rebrce,
Velike Rodne,
Velike Vodenice,
Velike Vrhe,
Velike Žablje,
Veliki Ban,
Veliki Boč,
Veliki Brebrovnik,
Veliki Cerovec,
Veliki Cirnik,
Veliki Dol,
Veliki Dol,
Veliki Gaber,
Veliki Hrib,
Veliki Jelnik,
Veliki Kal,
Veliki Kal,
Veliki Kamen,
Veliki Korinj,
Veliki Lipoglav,
Veliki Lipovec,
Veliki Ločnik,
Veliki Nerajec,
Veliki Obrež,
Veliki Okič,
Veliki Orehek,
Veliki Osolnik,
Veliki Otok,
Veliki Podljuben,
Veliki Podlog,
Veliki Rakitovec,
Veliki Rigelj,
Veliki Slatnik,
Veliki Trn,
Veliki Videm,
Veliki Vrh pri Litiji,
Veliki Vrh pri Šmarju,
Veliki Vrh,
Veliki Vrh,
Veliki Vrh,
Veliko Brdo,
Veliko Črnelo,
Veliko Globoko,
Veliko Lipje,
Veliko Mlačevo,
Veliko Mraševo,
Veliko Polje,
Veliko Širje,
Veliko Tinje,
Veliko Trebeljevo,
Veliko Ubeljsko,
Velka,
Veniše,
Verače,
Verd,
Verdun pri Uršnih selih,
Verdun,
Verje,
Vernek,
Verpete,
Veržej,
Vesca,
Vesela Gora,
Veščica,
Veščica,
Vešenik,
Vešter,
Vetrnik,
Vezovje,
Vič,
Vičanci,
Vidanovci,
Videm pri Lukovici,
Videm pri Ptuju,
Videm pri Temenici,
Videm,
Videm,
Videm,
Videž,
Vidonci,
Vidošiči,
Vidovica,
Vidrga,
Vihre,
Vikrče,
Vimolj pri Predgradu,
Vimolj,
Vinarje,
Vinarje,
Vincarje,
Vine,
Vine,
Vinec,
Vinharje,
Vinica pri Šmarjeti,
Vinica,
Vinice,
Vinička vas,
Vinja vas,
Vinje pri Moravčah,
Vinje,
Vinji Vrh pri Semiču,
Vinji Vrh,
Vinji Vrh,
Vinji Vrh,
Vinkov Vrh,
Vino,
Vinska Gora,
Vinska Gorica,
Vinski Vrh pri Šmarju,
Vinski Vrh,
Vintarjevec,
Vintarji,
Vintarovci,
Vipava,
Vipavski Križ,
Vipolže,
Vir pri Nevljah,
Vir pri Stični,
Vir,
Virlog,
Virmaše,
Virštanj,
Visejec,
Visoče,
Visoče,
Visoko pri Poljanah,
Visoko,
Visoko,
Visole,
Višelnica,
Viševca,
Viševek,
Višnja Gora,
Višnja vas,
Višnje,
Višnje,
Višnjevik,
Višnji Grm,
Vitan,
Vitanje,
Vitanjsko Skomarje,
Vitna vas,
Vitomarci,
Vitovlje,
Vizore,
Vnajnarje,
Vnanje Gorice,
Vodenovo,
Vodice nad Kamnikom,
Vodice pri Gabrovki,
Vodice pri Kalobju,
Vodice pri Slivnici,
Vodice,
Vodice,
Vodice,
Vodiško,
Vodole,
Vodranci,
Vodriž,
Vodruž,
Voduce,
Vodule,
Voglajna,
Voglarji,
Voglje,
Voglje,
Vogričevci,
Vogrsko,
Vojna vas,
Vojnik,
Vojsko,
Vojsko,
Vojsko,
Vojščica,
Voklo,
Volaka,
Volarje,
Volavlje,
Volča,
Volčanski Ruti,
Volče,
Volče,
Volčja Draga,
Volčja Jama,
Volčja Jama,
Volčje Njive,
Volčje,
Volčje,
Volčji Grad,
Volčji Potok,
Volčkova vas,
Volog,
Vologa,
Volovnik,
Vonarje,
Vopovlje,
Vosek,
Vošce,
Vošče,
Vovše,
Vrabče,
Vranja Peč,
Vranje,
Vranji Vrh,
Vranke,
Vranoviči,
Vransko,
Vrata,
Vrata,
Vratja vas,
Vratji Vrh,
Vratno,
Vrba,
Vrba,
Vrba,
Vrbica,
Vrbičje,
Vrbina,
Vrbje,
Vrbje,
Vrbljene,
Vrbnje,
Vrbno,
Vrbovce,
Vrbovec,
Vrbovec,
Vrbovo,
Vrčice,
Vremski Britof,
Vrenska Gorca,
Vrh nad Krašnjo,
Vrh nad Laškim,
Vrh nad Želimljami,
Vrh pri Boštanju,
Vrh pri Dolskem,
Vrh pri Fari,
Vrh pri Hinjah,
Vrh pri Križu,
Vrh pri Ljubnu,
Vrh pri Mlinšah,
Vrh pri Pahi,
Vrh pri Poljanah,
Vrh pri Površju,
Vrh pri Sobračah,
Vrh pri Šentjerneju,
Vrh pri Trebelnem,
Vrh pri Višnji Gori,
Vrh svetih Treh Kraljev,
Vrh,
Vrh,
Vrh,
Vrh,
Vrh,
Vrhe,
Vrhe,
Vrhe,
Vrhe,
Vrhe,
Vrhek,
Vrhje,
Vrhloga,
Vrhnika pri Ložu,
Vrhnika,
Vrhole pri Laporju,
Vrhole pri Slovenskih Konjicah,
Vrhov Dol,
Vrhovci,
Vrhovje,
Vrhovlje pri Kojskem,
Vrhovlje pri Kožbani,
Vrhovlje,
Vrhovlje,
Vrhovo pri Mirni Peči,
Vrhovo pri Šentlovrencu,
Vrhovo pri Žužemberku,
Vrhovo,
Vrhovska vas,
Vrhpeč,
Vrhpolje pri Kamniku,
Vrhpolje pri Moravčah,
Vrhpolje pri Šentvidu,
Vrhpolje,
Vrhpolje,
Vrhtrebnje,
Vrhulje,
Vrsno,
Vršna vas,
Vršnik,
Vrt,
Vrtača,
Vrtače,
Vrtoče,
Vrtojba,
Vrtovče,
Vrtovin,
Vrzdenec,
Vučja Gomila,
Vučja vas,
Vuhred,
Vukovci,
Vukovje,
Vukovski Dol,
Vukovski Vrh,
Vurberk,
Vurmat,
Vurmat,
Vuzenica,
Vuzmetinci,
Za Kalvarijo,
Zabava,
Zabavlje,
Zabiče,
Zabočevo,
Zabork,
Zaboršt pri Dolu,
Zaboršt pri Šentvidu,
Zaboršt,
Zaboršt,
Zaboršt,
Zabovci,
Zabrdje,
Zabrdo,
Zabrekve,
Zabreznica,
Zabreznik,
Zabrež,
Zabrežnik,
Zabukovica,
Zabukovje nad Sevnico,
Zabukovje pri Raki,
Zabukovje,
Zabukovje,
Zabukovje,
Začret,
Zadlaz - Čadrg,
Zadlaz - Žabče,
Zadlog,
Zadniki,
Zadnja vas,
Zadobje,
Zadobrova,
Zadolje,
Zadraga,
Zadrže,
Zafara,
Zagaj pod Bočem,
Zagaj pri Ponikvi,
Zagaj,
Zagajski Vrh,
Zagojiči,
Zagon,
Zagorci,
Zagorica nad Kamnikom,
Zagorica pri Čatežu,
Zagorica pri Dobrniču,
Zagorica pri Dolskem,
Zagorica pri Rovah,
Zagorica pri Velikem Gabru,
Zagorica,
Zagorica,
Zagorica,
Zagorje ob Savi,
Zagorje,
Zagorje,
Zagorje,
Zagozd,
Zagozdac,
Zagrad pri Otočcu,
Zagrad,
Zagrad,
Zagrad,
Zagradec pri Grosupljem,
Zagradec,
Zagradišče,
Zagrajec,
Zagrič,
Zahomce,
Zahrib,
Zajasovnik,
Zajasovnik,
Zajčje Polje,
Zajčji Vrh pri Stopičah,
Zajčji Vrh,
Zajelše,
Zajelšje,
Zakal,
Zakl,
Zakl,
Zaklanec,
Zakobiljek,
Zakojca,
Zakraj,
Zakraj,
Zakriž,
Zala,
Zala,
Zales,
Zali Breg,
Zali Log,
Zalisec,
Zalog pod Sveto Trojico,
Zalog pod Uršulo,
Zalog pri Cerkljah,
Zalog pri Kresnicah,
Zalog pri Moravčah,
Zalog pri Šempetru,
Zalog pri Škocjanu,
Zalog pri Škofljici,
Zalog,
Zalog,
Zaloka,
Zaloke,
Zalošče,
Zaloše,
Zaloška Gorica,
Založe,
Zamarkova,
Zameško,
Zamostec,
Zamušani,
Zanigrad,
Zaplana - del,
Zaplana - del,
Zaplanina,
Zapodje,
Zapoge,
Zapotok,
Zapotok,
Zapotok,
Zapreval,
Zapudje,
Zapuže pri Kostelu,
Zapuže pri Ribnici,
Zapuže,
Zapuže,
Zarečica,
Zarečje,
Zasadi,
Zasadi,
Zasap,
Zasavci,
Zasip,
Zastava,
Zastranje,
Zatolmin,
Zavine,
Zavinek,
Zavino,
Zavodice,
Zavodnje,
Zavrate,
Zavratec,
Zavratec,
Zavrč,
Zavrh nad Dobrno,
Zavrh pod Šmarno Goro,
Zavrh pri Borovnici,
Zavrh pri Črnivcu,
Zavrh pri Galiciji,
Zavrh pri Trojanah,
Zavrh,
Zavrh,
Zavrh,
Zavrh,
Zavrhek,
Zavrstnik,
Završe pri Dobjem,
Završe pri Grobelnem,
Završe,
Završje,
Zavrtače,
Zazid,
Zbelovo,
Zbelovska Gora,
Zbigovci,
Zbilje,
Zbure,
Zdenska vas,
Zdihovo,
Zdole,
Zdole,
Zduša,
Zeče pri Bučah,
Zeče,
Zelen Breg,
Zelše,
Zemelj,
Zemono,
Zenkovci,
Zglavnica,
Zgonče,
Zgornja Bačkova,
Zgornja Bela,
Zgornja Besnica,
Zgornja Besnica,
Zgornja Bistrica,
Zgornja Brežnica,
Zgornja Dobrava,
Zgornja Dobrava,
Zgornja Draga,
Zgornja Gorica,
Zgornja Hajdina,
Zgornja Jablanica,
Zgornja Javoršica,
Zgornja Jevnica,
Zgornja Kapla,
Zgornja Korena,
Zgornja Kostrivnica,
Zgornja Kungota,
Zgornja Lipnica,
Zgornja Ložnica,
Zgornja Luša,
Zgornja Nova vas,
Zgornja Orlica,
Zgornja Pohanca,
Zgornja Polskava,
Zgornja Pristava,
Zgornja Pristava,
Zgornja Radovna,
Zgornja Rečica,
Zgornja Ročica,
Zgornja Selnica,
Zgornja Senarska,
Zgornja Senica,
Zgornja Slivnica,
Zgornja Sorica,
Zgornja Sveča,
Zgornja Ščavnica,
Zgornja Velka,
Zgornja Vižinga,
Zgornja Voličina,
Zgornje Bitnje,
Zgornje Danje,
Zgornje Dobrenje,
Zgornje Duplice,
Zgornje Duplje,
Zgornje Gameljne,
Zgornje Gorče,
Zgornje Gorje,
Zgornje Gradišče,
Zgornje Gruškovje,
Zgornje Grušovje,
Zgornje Grušovlje,
Zgornje Hlapje,
Zgornje Hoče,
Zgornje Jablane,
Zgornje Jarše,
Zgornje Jezersko,
Zgornje Konjišče,
Zgornje Koseze,
Zgornje Laze,
Zgornje Laže,
Zgornje Loke,
Zgornje Mladetiče,
Zgornje Negonje,
Zgornje Palovče,
Zgornje Partinje,
Zgornje Pirniče,
Zgornje Pobrežje,
Zgornje Poljčane,
Zgornje Prapreče,
Zgornje Prebukovje,
Zgornje Roje,
Zgornje Sečovo,
Zgornje Selce,
Zgornje Slemene,
Zgornje Stranje,
Zgornje Škofije,
Zgornje Tinsko,
Zgornje Verjane,
Zgornje Vetrno,
Zgornje Vodale,
Zgornje Vrtiče,
Zgornji Boč,
Zgornji Brnik,
Zgornji Čačič,
Zgornji Duplek,
Zgornji Gabrnik,
Zgornji Gasteraj,
Zgornji Hotič,
Zgornji Jakobski Dol,
Zgornji Janževski Vrh,
Zgornji Kamenščak,
Zgornji Kocjan,
Zgornji Kozji Vrh,
Zgornji Lehen na Pohorju,
Zgornji Leskovec,
Zgornji Log,
Zgornji Motnik,
Zgornji Obrež,
Zgornji Otok,
Zgornji Petelinjek,
Zgornji Porčič,
Zgornji Prekar,
Zgornji Prhovec,
Zgornji Razbor,
Zgornji Slemen,
Zgornji Slemen,
Zgornji Tuhinj,
Zgornji Tuštanj,
Zgornji Velovlek,
Zgornji Žerjavci,
Zgoša,
Zibika,
Zibiška vas,
Zibovnik,
Zidani Most,
Zidani Most,
Zilje,
Zimica,
Zlakova,
Zlateče pri Šentjurju,
Zlateče,
Zlatenek,
Zlati Rep,
Zlato Polje,
Zlatoličje,
Zloganje,
Zlogona Gora,
Zlogona vas,
Zminec,
Znojile pri Krki,
Znojile pri Studencu,
Znojile,
Znojile,
Znojile,
Zorenci,
Zreče,
Zrkovci,
Zvirče,
Zvodno,
Žabče,
Žabja vas,
Žabjek v Podbočju,
Žabjek,
Žablje,
Žabljek,
Žabnica,
Žabnica,
Žadovinek,
Žaga,
Žaga,
Žaga,
Žagolič,
Žahenberc,
Žalec,
Žalna,
Žaloviče,
Žamenci,
Žapuže,
Žažar,
Ždinja vas,
Žebnik,
Žegar,
Žeje pri Komendi,
Žeje,
Žeje,
Žeje,
Žejno,
Želče,
Želebej,
Železne Dveri,
Železnica,
Železniki,
Železniki,
Železno,
Železno,
Želimlje,
Željne,
Želodnik,
Ženavlje,
Ženik,
Ženjak,
Ženje,
Žepina,
Žepovci,
Žerjav,
Žerjavin,
Žerjavka,
Žerovinci,
Žerovnica,
Žetale,
Žiberci,
Žibrše,
Žice,
Žice,
Žice,
Žiganja vas,
Žigon,
Žigrski Vrh,
Žihlava,
Žihovo Selo,
Žikarce,
Žimarice,
Žiri,
Žirje,
Žirovnica,
Žirovnica,
Žirovnica,
Žirovski Vrh Svetega Antona,
Žirovski Vrh Svetega Urbana,
Žirovski Vrh,
Žirovše,
Žitence,
Žitkovci,
Žižki,
Žlabor,
Žlan,
Žlebe,
Žlebič,
Žrnova,
Žubejevo,
Žubina,
Žukovo,
Žuniči,
Župa,
Župančiči,
Županje Njive,
Župeča vas,
Župečja vas,
Župelevec,
Župeno,
Župetinci,
Žurge,
Žurkov Dol,
Žužemberk,
Žvab,
Žvabovo,
Žvarulje,
Žvirče,
